rating,product_type,title,price,tax,upc,image_urls,reviews,images,stock
3,Books,Neither Here nor There: Travels in Europe,£38.95,£0.00,747cf7fca2ccdbd4,http://books.toscrape.com/media/cache/c9/9a/c99a7a05537cd842eb4db83d537e3a4d.jpg,0,"[{'url': 'http://books.toscrape.com/media/cache/c9/9a/c99a7a05537cd842eb4db83d537e3a4d.jpg', 'path': 'full/0fff1f11381a19faf5a6fdb536c82b003d7422cb.jpg', 'checksum': '234cad1cccbccd5a4c7fee226593cddf'}]",In stock (3 available)
5,Books,"1,000 Places to See Before You Die",£26.08,£0.00,228ba5e7577e1d49,http://books.toscrape.com/media/cache/9e/10/9e106f81f65b293e488718a4f54a6a3f.jpg,0,"[{'url': 'http://books.toscrape.com/media/cache/9e/10/9e106f81f65b293e488718a4f54a6a3f.jpg', 'path': 'full/e81aa83c5f23d396bc2953c061af6a5c454cd3e4.jpg', 'checksum': '6a732297bf33405b3b161f33edb2bcd5'}]",In stock (1 available)
1,Books,The Road to Little Dribbling: Adventures of an American in Britain (Notes From a Small Island #2),£23.21,£0.00,366a236aa1ea6f07,http://books.toscrape.com/media/cache/26/f5/26f5d20239a45046e756c6d09611b3ea.jpg,0,"[{'url': 'http://books.toscrape.com/media/cache/26/f5/26f5d20239a45046e756c6d09611b3ea.jpg', 'path': 'full/220386151a917c4dc4cb087d145c2fcb98ca7b85.jpg', 'checksum': '2bb656eb6a65bad23643f6051c910428'}]",In stock (3 available)
1,Books,We Are All Completely Beside Ourselves,£24.04,£0.00,be3db344a845580b,http://books.toscrape.com/media/cache/8d/95/8d95f4fd1ea785555a28d6371444ce6d.jpg,0,"[{'url': 'http://books.toscrape.com/media/cache/8d/95/8d95f4fd1ea785555a28d6371444ce6d.jpg', 'path': 'full/fbbdc7b4dcacebaeca0f55266e6ddbc6ea41a775.jpg', 'checksum': '644e8a093445fc9aa5d0f17cfb592b5c'}]",In stock (3 available)
2,Books,Logan Kade (Fallen Crest High #5.5),£13.12,£0.00,7093cf549cd2e7de,http://books.toscrape.com/media/cache/2b/44/2b4404e00c242bf1b8263bdd99c07354.jpg,0,"[{'url': 'http://books.toscrape.com/media/cache/2b/44/2b4404e00c242bf1b8263bdd99c07354.jpg', 'path': 'full/ba0142d14563a75448e91e88286e679911547ec8.jpg', 'checksum': 'e3335ef6c6518846a9c46eca0caab4e1'}]",In stock (5 available)
5,Books,A New Earth: Awakening to Your Life's Purpose,£55.65,£0.00,f6ae39568db1130e,http://books.toscrape.com/media/cache/13/1b/131bca3895aa2892f400020cd939cd42.jpg,0,"[{'url': 'http://books.toscrape.com/media/cache/13/1b/131bca3895aa2892f400020cd939cd42.jpg', 'path': 'full/3cad5bfbaf468f134de426da714530ed32de49fb.jpg', 'checksum': '7f363c3230e2ccf56d7642e2a90729c0'}]",In stock (4 available)
1,Books,The Travelers,£15.77,£0.00,2b685187f55c5d31,http://books.toscrape.com/media/cache/42/a3/42a345bdcb3e13d5922ff79cd1c07d0e.jpg,0,"[{'url': 'http://books.toscrape.com/media/cache/42/a3/42a345bdcb3e13d5922ff79cd1c07d0e.jpg', 'path': 'full/57647bd07a5f525f6ca1ee0e6406ed571a641ed8.jpg', 'checksum': '10645fd06c1c119f6c30bb7a5a837054'}]",In stock (3 available)
2,Books,Far From True (Promise Falls Trilogy #2),£34.93,£0.00,ad15a9a139919918,http://books.toscrape.com/media/cache/9c/aa/9caacda3ff43984447ee22712e7e9ca9.jpg,0,"[{'url': 'http://books.toscrape.com/media/cache/9c/aa/9caacda3ff43984447ee22712e7e9ca9.jpg', 'path': 'full/c8de56918769beeaff4b3859bf8dfde1f5c719b0.jpg', 'checksum': '81bc29a52a376f29d1b7d8d1b9322779'}]",In stock (4 available)
3,Books,The Bone Hunters (Lexy Vaughan &amp; Steven Macaulay #2),£59.71,£0.00,9c4d061c1e2fe6bf,http://books.toscrape.com/media/cache/8d/1f/8d1f11673fbe46f47f27b9a4c8efbf8a.jpg,0,"[{'url': 'http://books.toscrape.com/media/cache/8d/1f/8d1f11673fbe46f47f27b9a4c8efbf8a.jpg', 'path': 'full/d1a4957c307141fa3f2373d19e3907c57efb0927.jpg', 'checksum': 'babb02431bd92ebfd96e2b170ff149c1'}]",In stock (4 available)
4,Books,Killing Floor (Jack Reacher #1),£31.49,£0.00,8dde2ff3f6fcc0a3,http://books.toscrape.com/media/cache/b1/5b/b15b4c864b762133cdaf69b58ba55d76.jpg,0,"[{'url': 'http://books.toscrape.com/media/cache/b1/5b/b15b4c864b762133cdaf69b58ba55d76.jpg', 'path': 'full/295f0eb2b0d4c92b3c0fd251fe91114b46e9d5f9.jpg', 'checksum': 'fde405ecaaf1fd49ae5eece722a7d3ad'}]",In stock (5 available)
2,Books,"House of Lost Worlds: Dinosaurs, Dynasties, and the Story of Life on Earth",£43.70,£0.00,1812b8f5641287e3,http://books.toscrape.com/media/cache/f5/b7/f5b783f6cfdfe30895d912f9e337bb22.jpg,0,"[{'url': 'http://books.toscrape.com/media/cache/f5/b7/f5b783f6cfdfe30895d912f9e337bb22.jpg', 'path': 'full/0e934219d79000bcde5b3ed59cce80d5577c6aeb.jpg', 'checksum': 'db8e92c278a34ecb0c28d139c74814bd'}]",In stock (3 available)
2,Books,Holidays on Ice,£51.07,£0.00,0cb4856be3694a57,http://books.toscrape.com/media/cache/57/4c/574cbab555bb7d21e50b20267383e45d.jpg,0,"[{'url': 'http://books.toscrape.com/media/cache/57/4c/574cbab555bb7d21e50b20267383e45d.jpg', 'path': 'full/b42056d38cf8fc03a133fbce6968c2e9d731a865.jpg', 'checksum': 'bfa5c67f55ddf38c282cb5b6eae9e636'}]",In stock (3 available)
1,Books,"Vampire Knight, Vol. 1 (Vampire Knight #1)",£15.40,£0.00,e7e87087b1a44711,http://books.toscrape.com/media/cache/39/82/39826643a2e100f9e763079d7d5867f4.jpg,0,"[{'url': 'http://books.toscrape.com/media/cache/39/82/39826643a2e100f9e763079d7d5867f4.jpg', 'path': 'full/c0388fc2db9cb70f8555bbbc9f3ae4831f05e95b.jpg', 'checksum': 'fe980e865eb7d3177b18219799d0cb3e'}]",In stock (1 available)
5,Books,"Lamb: The Gospel According to Biff, Christ's Childhood Pal",£55.50,£0.00,190fbebbf798c31a,http://books.toscrape.com/media/cache/c4/69/c469440eeffdd84ac3f4b09bd575c548.jpg,0,"[{'url': 'http://books.toscrape.com/media/cache/c4/69/c469440eeffdd84ac3f4b09bd575c548.jpg', 'path': 'full/61dc9635cdd9f56a7395399c9b7a1a29696b68a3.jpg', 'checksum': 'bbb3c93376ae4f0e1856638bc8e5d83f'}]",In stock (3 available)
5,Books,Fifty Shades Freed (Fifty Shades #3),£15.36,£0.00,ed813a848580ba50,http://books.toscrape.com/media/cache/f4/07/f407d3bbf457d35701dfe72ee9ef3b68.jpg,0,"[{'url': 'http://books.toscrape.com/media/cache/f4/07/f407d3bbf457d35701dfe72ee9ef3b68.jpg', 'path': 'full/50499ff79babfdebcdf6d10123d1d0f090d43024.jpg', 'checksum': 'a04508cce565e3a6028ef8b9a86452d3'}]",In stock (3 available)
3,Books,Naked,£31.69,£0.00,54aeeb4610d3ae08,http://books.toscrape.com/media/cache/80/2b/802b92421a7314b0a6afef8a9754cf5c.jpg,0,"[{'url': 'http://books.toscrape.com/media/cache/80/2b/802b92421a7314b0a6afef8a9754cf5c.jpg', 'path': 'full/52d88ce5c759f12c2960717a5893550de0806e38.jpg', 'checksum': '997acf09c38a5be9865359fd4eda57bd'}]",In stock (3 available)
1,Books,Dark Lover (Black Dagger Brotherhood #1),£12.87,£0.00,2b69d289279aabfd,http://books.toscrape.com/media/cache/d8/bd/d8bdea8d4e7db9af8e0cb1b36db448d2.jpg,0,"[{'url': 'http://books.toscrape.com/media/cache/d8/bd/d8bdea8d4e7db9af8e0cb1b36db448d2.jpg', 'path': 'full/6887c325488348b514b3b1653f02e75b58dea9ee.jpg', 'checksum': 'be7c8e8f05cef6b97c14d99e601caf9d'}]",In stock (4 available)
1,Books,A Girl's Guide to Moving On (New Beginnings #2),£31.30,£0.00,cf3b86489890b9f2,http://books.toscrape.com/media/cache/17/94/17940ad8d367ea5f28db57e7fc32dac9.jpg,0,"[{'url': 'http://books.toscrape.com/media/cache/17/94/17940ad8d367ea5f28db57e7fc32dac9.jpg', 'path': 'full/8f173f929b0987ff96986e94a90fe5f0b11f8bdd.jpg', 'checksum': 'b2045aff869fe4896efdf1db8b7931a6'}]",In stock (5 available)
3,Books,Changing the Game (Play by Play #2),£13.38,£0.00,aaebac5fda798b1b,http://books.toscrape.com/media/cache/7a/6a/7a6a89af2f591d86df6f7c65649463db.jpg,0,"[{'url': 'http://books.toscrape.com/media/cache/7a/6a/7a6a89af2f591d86df6f7c65649463db.jpg', 'path': 'full/58f604329815b7818d763733b8b8a519069c982c.jpg', 'checksum': '0dd67608b484b8ea7e35aebf16673d57'}]",In stock (4 available)
3,Books,The Perfect Play (Play by Play #1),£59.99,£0.00,9cc207168a03470d,http://books.toscrape.com/media/cache/b0/be/b0be8b72b97ba3185f7d55235d0be76f.jpg,0,"[{'url': 'http://books.toscrape.com/media/cache/b0/be/b0be8b72b97ba3185f7d55235d0be76f.jpg', 'path': 'full/ba74219a55cb95e20e1c180a39fe475234d35b8b.jpg', 'checksum': 'c7b85d237f702e68155bbb88196b8c30'}]",In stock (4 available)
5,Books,The Day the Crayons Came Home (Crayons),£26.33,£0.00,b22362b434e8ee62,http://books.toscrape.com/media/cache/34/b2/34b2631bafd148bcd8dcd850a4b75971.jpg,0,"[{'url': 'http://books.toscrape.com/media/cache/34/b2/34b2631bafd148bcd8dcd850a4b75971.jpg', 'path': 'full/377ddec3b42113e594ab15d3a1af433a61dd6ca8.jpg', 'checksum': 'd92568bc6eafcc12f4f652629133cd0d'}]",In stock (3 available)
5,Books,The Lonely Ones,£43.59,£0.00,cf2f27fdf94ba20e,http://books.toscrape.com/media/cache/ff/f6/fff64acb3c65cbea2ac9209c2a57af17.jpg,0,"[{'url': 'http://books.toscrape.com/media/cache/ff/f6/fff64acb3c65cbea2ac9209c2a57af17.jpg', 'path': 'full/de9b4765a700d112d146fdfbace1516b52795757.jpg', 'checksum': 'e69152f3aab69d04865a5f6beda54b2d'}]",In stock (3 available)
1,Books,The Nicomachean Ethics,£36.34,£0.00,5c10b64db3e4f228,http://books.toscrape.com/media/cache/16/f4/16f4518319f7dcadc23d020279f78545.jpg,0,"[{'url': 'http://books.toscrape.com/media/cache/16/f4/16f4518319f7dcadc23d020279f78545.jpg', 'path': 'full/879274581b3c7c1d23128fead058ab228eca59e5.jpg', 'checksum': '8dbbeb504876beb74dece0f7aecd1472'}]",In stock (1 available)
2,Books,Meditations,£25.89,£0.00,4f19709e47883df5,http://books.toscrape.com/media/cache/90/f7/90f79652caecac36bc97bf7b769c8fc4.jpg,0,"[{'url': 'http://books.toscrape.com/media/cache/90/f7/90f79652caecac36bc97bf7b769c8fc4.jpg', 'path': 'full/f9bc34e48df803e666addf34a38ade3249e99f57.jpg', 'checksum': '954de6e2e0dc2f1620d870745e54f6d9'}]",In stock (1 available)
3,Books,The Wild Robot,£56.07,£0.00,75fed6a47f69859d,http://books.toscrape.com/media/cache/42/48/424876ee529de5b557ebd69286c87343.jpg,0,"[{'url': 'http://books.toscrape.com/media/cache/42/48/424876ee529de5b557ebd69286c87343.jpg', 'path': 'full/76c5d48a04b648d3ae4cce7af495a8d02bffd331.jpg', 'checksum': '78b0a40ace2d87f3dd43efc4c7e17ee2'}]",In stock (3 available)
1,Books,"Run, Spot, Run: The Ethics of Keeping Pets",£20.02,£0.00,b0e479be03911916,http://books.toscrape.com/media/cache/8c/bf/8cbf4667b5798cb8195f1e126ddd6a5c.jpg,0,"[{'url': 'http://books.toscrape.com/media/cache/8c/bf/8cbf4667b5798cb8195f1e126ddd6a5c.jpg', 'path': 'full/40c16a0988a3bb1975a8866d303547a52834b31c.jpg', 'checksum': '8d26cfaaab23176ccb5001a5b5958981'}]",In stock (2 available)
1,Books,Critique of Pure Reason,£20.75,£0.00,429b4a811bef386c,http://books.toscrape.com/media/cache/3b/28/3b28ec3663a81d36272a08e5a49644f2.jpg,0,"[{'url': 'http://books.toscrape.com/media/cache/3b/28/3b28ec3663a81d36272a08e5a49644f2.jpg', 'path': 'full/84773e6f6bdcedb2b6d9f58b21a1e00a26357d40.jpg', 'checksum': 'dc991e404fbd883f2b1dcb40a4860917'}]",In stock (5 available)
1,Books,The Thing About Jellyfish,£48.77,£0.00,3d15714d4d3d15dd,http://books.toscrape.com/media/cache/ef/d3/efd3fd5390be3a440e28b03b5bb0fd95.jpg,0,"[{'url': 'http://books.toscrape.com/media/cache/ef/d3/efd3fd5390be3a440e28b03b5bb0fd95.jpg', 'path': 'full/fe1c44f8e52eddee285de230caf09a3c04461bda.jpg', 'checksum': 'f7d9c135d635ab15b5bf1d7998d8892d'}]",In stock (3 available)
1,Books,Beyond Good and Evil,£43.38,£0.00,08672cd59171d5e4,http://books.toscrape.com/media/cache/d1/7f/d17f326e3fcaf84c37d6d51e3470bcc6.jpg,0,"[{'url': 'http://books.toscrape.com/media/cache/d1/7f/d17f326e3fcaf84c37d6d51e3470bcc6.jpg', 'path': 'full/c06ee8491628a73240d19d301c78d6c4dc1f2d9f.jpg', 'checksum': '35f1bf427f08c040c9a4af930e02da18'}]",In stock (1 available)
1,Books,Something Blue (Darcy &amp; Rachel #2),£54.62,£0.00,3fc9d51d1c4d6ba7,http://books.toscrape.com/media/cache/29/26/2926c885f673e84d7fc46240b1f77eb2.jpg,0,"[{'url': 'http://books.toscrape.com/media/cache/29/26/2926c885f673e84d7fc46240b1f77eb2.jpg', 'path': 'full/d3f8d1eb5d216de16e64ea065fa16efc7ad031a1.jpg', 'checksum': 'fc5c50e564a8ffcc3ca0233ebdeda80e'}]",In stock (3 available)
1,Books,Bridget Jones's Diary (Bridget Jones #1),£29.82,£0.00,a2b4b685dfa94733,http://books.toscrape.com/media/cache/67/2f/672f2e3753cfc59c5843d23c88784326.jpg,0,"[{'url': 'http://books.toscrape.com/media/cache/67/2f/672f2e3753cfc59c5843d23c88784326.jpg', 'path': 'full/204b37906e452ca33714800d8eeebd94f191249f.jpg', 'checksum': 'bbbcda288d717a4033fd144bcaa28c89'}]",In stock (1 available)
1,Books,I've Got Your Number,£19.69,£0.00,6b32b561dab8036c,http://books.toscrape.com/media/cache/3d/40/3d407a69fe55223fb4cfec577a9a8ee2.jpg,0,"[{'url': 'http://books.toscrape.com/media/cache/3d/40/3d407a69fe55223fb4cfec577a9a8ee2.jpg', 'path': 'full/c3fcb37be0e8d17337f75f44870dbb0067b24c30.jpg', 'checksum': '8b478b012a57d1478ede31e980ecadd6'}]",In stock (3 available)
4,Books,The Edge of Reason (Bridget Jones #2),£19.18,£0.00,29fc016c459aeb14,http://books.toscrape.com/media/cache/a1/4f/a14f3bc2743e3956cb10fddaaf62a1f9.jpg,0,"[{'url': 'http://books.toscrape.com/media/cache/a1/4f/a14f3bc2743e3956cb10fddaaf62a1f9.jpg', 'path': 'full/334855e67b30d7957bec10e3a93d0487750be66b.jpg', 'checksum': '3c623450b6da8a59df5609a60b147d12'}]",In stock (1 available)
1,Books,Can You Keep a Secret?,£21.94,£0.00,0812f54c93d726ce,http://books.toscrape.com/media/cache/e1/24/e124fe015a3ffa6857eb35c39e89cd61.jpg,0,"[{'url': 'http://books.toscrape.com/media/cache/e1/24/e124fe015a3ffa6857eb35c39e89cd61.jpg', 'path': 'full/6a22403f4102babb0fabe99e60259adaec98d54d.jpg', 'checksum': 'e2f3a7359de9dc41fdb9cd66a45dbb48'}]",In stock (4 available)
1,Books,The Devil Wears Prada (The Devil Wears Prada #1),£44.29,£0.00,a6ab0cb7106a67f2,http://books.toscrape.com/media/cache/21/ac/21acb843702d1448519cc8bf0d5da728.jpg,0,"[{'url': 'http://books.toscrape.com/media/cache/21/ac/21acb843702d1448519cc8bf0d5da728.jpg', 'path': 'full/c53126431c68aca505e9927d7ad55119ca7b64fa.jpg', 'checksum': '0cc186f9fa6983298917a968ba26dcde'}]",In stock (3 available)
5,Books,The Nanny Diaries (Nanny #1),£52.53,£0.00,6263c1d2997b8ce0,http://books.toscrape.com/media/cache/e3/4e/e34e69942bf1327c602ef9754d02a022.jpg,0,"[{'url': 'http://books.toscrape.com/media/cache/e3/4e/e34e69942bf1327c602ef9754d02a022.jpg', 'path': 'full/0022582dab850a337ec4e8ea38c5292df064a2b4.jpg', 'checksum': '4eec77907634f7723314cf9341216e0e'}]",In stock (3 available)
2,Books,Twenties Girl,£42.80,£0.00,8ebad30219b8679c,http://books.toscrape.com/media/cache/49/ec/49ec020f1dfa44313313495b809f74f1.jpg,0,"[{'url': 'http://books.toscrape.com/media/cache/49/ec/49ec020f1dfa44313313495b809f74f1.jpg', 'path': 'full/a9725228501d33125f0ddd5f5ff7e4b6ded52e15.jpg', 'checksum': 'aabb6c0565c41218243c5a742df9f461'}]",In stock (3 available)
4,Books,The Undomestic Goddess,£45.75,£0.00,813cff2aefa5d1f0,http://books.toscrape.com/media/cache/e3/e9/e3e95f631eb64252324768ce795b50d7.jpg,0,"[{'url': 'http://books.toscrape.com/media/cache/e3/e9/e3e95f631eb64252324768ce795b50d7.jpg', 'path': 'full/79d218723f1b15ca20e93fe59786d4a155dd0c2e.jpg', 'checksum': '4c3fa38d185afb296759e933e36a2534'}]",In stock (3 available)
5,Books,Something Borrowed (Darcy &amp; Rachel #1),£48.96,£0.00,ac27ab4bcd9c492e,http://books.toscrape.com/media/cache/82/ed/82ed95c8c6c3ee6171fe3b55d766a9ec.jpg,0,"[{'url': 'http://books.toscrape.com/media/cache/82/ed/82ed95c8c6c3ee6171fe3b55d766a9ec.jpg', 'path': 'full/9ed317eb103955fd8dc8dbad75b98d4aee0983e1.jpg', 'checksum': '9dab4375d4891f24392ce1ce3d776f9d'}]",In stock (3 available)
5,Books,Shopaholic Ties the Knot (Shopaholic #3),£48.39,£0.00,38199c5d7da0c0ef,http://books.toscrape.com/media/cache/d0/f8/d0f8f438caa5e7adc1c727da4f06ca64.jpg,0,"[{'url': 'http://books.toscrape.com/media/cache/d0/f8/d0f8f438caa5e7adc1c727da4f06ca64.jpg', 'path': 'full/ce1dcfa3b3fc6632fb45d04cfa4e1b176e28e362.jpg', 'checksum': 'a4416c1996a24e1ede3e8b706586d1b2'}]",In stock (4 available)
5,Books,Some Women,£13.73,£0.00,31f5bbf4974d29c9,http://books.toscrape.com/media/cache/2f/71/2f710e4c53d98e47b73e4d34702a6751.jpg,0,"[{'url': 'http://books.toscrape.com/media/cache/2f/71/2f710e4c53d98e47b73e4d34702a6751.jpg', 'path': 'full/e9c5374535b21056cf0e66a8cb8dd665bea7d2ae.jpg', 'checksum': '154387229b636aac81d79e50d5406362'}]",In stock (4 available)
1,Books,Maybe Something Beautiful: How Art Transformed a Neighborhood,£22.54,£0.00,81c68492ccd72941,http://books.toscrape.com/media/cache/89/9a/899a07816ced14262169345493bbbe51.jpg,0,"[{'url': 'http://books.toscrape.com/media/cache/89/9a/899a07816ced14262169345493bbbe51.jpg', 'path': 'full/b1f7a350743b6c17f8d4d7dc57ac3bd46b74bffc.jpg', 'checksum': '91f803eb8d43fd80c3e2daee54a7a3f3'}]",In stock (5 available)
3,Books,Forever Rockers (The Rocker #12),£28.80,£0.00,e564c3f1a93ccf2e,http://books.toscrape.com/media/cache/a2/fc/a2fc91793502f5c10b5826ad606de435.jpg,0,"[{'url': 'http://books.toscrape.com/media/cache/a2/fc/a2fc91793502f5c10b5826ad606de435.jpg', 'path': 'full/67365db9585f488e329ef2ddeae344258f400c7a.jpg', 'checksum': '6989e6c93564a90ba0f4fd49532a607b'}]",In stock (1 available)
2,Books,Old Records Never Die: One Man's Quest for His Vinyl and His Past,£55.66,£0.00,a1985630339f4b3d,http://books.toscrape.com/media/cache/aa/55/aa55bbf7037a0e19ae69485adcc11903.jpg,0,"[{'url': 'http://books.toscrape.com/media/cache/aa/55/aa55bbf7037a0e19ae69485adcc11903.jpg', 'path': 'full/222bbeb9f7eb9148fd4149ef2e5e2fd46e736d61.jpg', 'checksum': '78e1af84f54f4104b6b97cf2f042c464'}]",In stock (1 available)
3,Books,"Orchestra of Exiles: The Story of Bronislaw Huberman, the Israel Philharmonic, and the One Thousand Jews He Saved from Nazi Horrors",£12.36,£0.00,2ba5ccc84d35006c,http://books.toscrape.com/media/cache/b5/94/b59425287ce6b186715fa7b01054c2bf.jpg,0,"[{'url': 'http://books.toscrape.com/media/cache/b5/94/b59425287ce6b186715fa7b01054c2bf.jpg', 'path': 'full/e34cbe997efb4391f2fbedf770de04d4c6a284a0.jpg', 'checksum': '3bcca9d8b073b4e357b535c81bfdb512'}]",In stock (4 available)
5,Books,Life,£31.58,£0.00,637e5a45062aa548,http://books.toscrape.com/media/cache/9b/61/9b6155b8013ed9e05ef8a85b4117165b.jpg,0,"[{'url': 'http://books.toscrape.com/media/cache/9b/61/9b6155b8013ed9e05ef8a85b4117165b.jpg', 'path': 'full/bf12ac7cc8b7f4c3ca164b29bd066bb495ecacc9.jpg', 'checksum': '360f239537e5c455028591cb7cbacb60'}]",In stock (2 available)
1,Books,This Is Your Brain on Music: The Science of a Human Obsession,£38.40,£0.00,bc209a900101f28d,http://books.toscrape.com/media/cache/d8/d3/d8d3a16113069ccde25da34483a583fb.jpg,0,"[{'url': 'http://books.toscrape.com/media/cache/d8/d3/d8d3a16113069ccde25da34483a583fb.jpg', 'path': 'full/8ef2db979c2a35b45a2d3a2992dd60f5d0ab260f.jpg', 'checksum': '6bc1b9d1f2ad48bbd6c14f5c6ced648c'}]",In stock (5 available)
5,Books,No One Here Gets Out Alive,£20.02,£0.00,3a95f5a2df4ff921,http://books.toscrape.com/media/cache/8e/9b/8e9be254974e64a8a3d365a1571e3ec2.jpg,0,"[{'url': 'http://books.toscrape.com/media/cache/8e/9b/8e9be254974e64a8a3d365a1571e3ec2.jpg', 'path': 'full/299d0f2c7c5f697853190095067c678cdede2ce4.jpg', 'checksum': 'e1b348dc0d21a9b55e9f87aabda1fa68'}]",In stock (4 available)
4,Books,Icing (Aces Hockey #2),£40.44,£0.00,3455b45888fb5053,http://books.toscrape.com/media/cache/bf/31/bf31c4b40f6b2622330155fb9113a3bb.jpg,0,"[{'url': 'http://books.toscrape.com/media/cache/bf/31/bf31c4b40f6b2622330155fb9113a3bb.jpg', 'path': 'full/c36c32c21b0b9bc366f76489c331ecfe355d39eb.jpg', 'checksum': 'a4d7c602a6b08643d81f88d4cca709a6'}]",In stock (1 available)
2,Books,Settling the Score (The Summer Games #1),£44.91,£0.00,132adf7335bb384a,http://books.toscrape.com/media/cache/95/c4/95c41c1765b517d6240bd674a02676b1.jpg,0,"[{'url': 'http://books.toscrape.com/media/cache/95/c4/95c41c1765b517d6240bd674a02676b1.jpg', 'path': 'full/1e3a898e1e762ecb1bd02496c22cdb627541cd1d.jpg', 'checksum': '0c78c826ddc7c3ab996eea77f602c635'}]",In stock (1 available)
3,Books,"Friday Night Lights: A Town, a Team, and a Dream",£51.22,£0.00,a9aa3ed5b316470b,http://books.toscrape.com/media/cache/89/e8/89e87f1e98993377949855563aa1f982.jpg,0,"[{'url': 'http://books.toscrape.com/media/cache/89/e8/89e87f1e98993377949855563aa1f982.jpg', 'path': 'full/7710b1f368647057de41dda3efee066391613f04.jpg', 'checksum': '53d354639f5b5e3758df3e91dbc1083b'}]",In stock (3 available)
1,Books,Sugar Rush (Offensive Line #2),£24.42,£0.00,ce42e3de94226b2b,http://books.toscrape.com/media/cache/10/65/106598cd8f3437c26a92cbda0a5a08bb.jpg,0,"[{'url': 'http://books.toscrape.com/media/cache/10/65/106598cd8f3437c26a92cbda0a5a08bb.jpg', 'path': 'full/0bceb30e8d9d10e91f49c91aa95f8695b5821b69.jpg', 'checksum': '6b74579f3b7fa005a72bf7cd0d4ad16f'}]",In stock (2 available)
4,Books,Having the Barbarian's Baby (Ice Planet Barbarians #7.5),£34.96,£0.00,6717a70913b3db79,http://books.toscrape.com/media/cache/13/8a/138a09170e0431cce98921b857a6eeb5.jpg,0,"[{'url': 'http://books.toscrape.com/media/cache/13/8a/138a09170e0431cce98921b857a6eeb5.jpg', 'path': 'full/d2d8be4ec6291a9e2e14b8e26ce7403e56b87a31.jpg', 'checksum': '4a239ac7164c3b8fe0bbf4246ae8d34d'}]",In stock (1 available)
2,Books,"Life, the Universe and Everything (Hitchhiker's Guide to the Galaxy #3)",£33.26,£0.00,4b3f4f151c99f472,http://books.toscrape.com/media/cache/54/ca/54cac05a3026d35e713133a1fe49f6c8.jpg,0,"[{'url': 'http://books.toscrape.com/media/cache/54/ca/54cac05a3026d35e713133a1fe49f6c8.jpg', 'path': 'full/5236664b61b2dfd0a9b1939a800edba3da77896e.jpg', 'checksum': '41d8e8f55be00a555db178873106fe5a'}]",In stock (3 available)
2,Books,Three Wishes (River of Time: California #1),£44.18,£0.00,460f97a346b44bac,http://books.toscrape.com/media/cache/48/e6/48e697e9c8bba8ca04a3064551cda630.jpg,0,"[{'url': 'http://books.toscrape.com/media/cache/48/e6/48e697e9c8bba8ca04a3064551cda630.jpg', 'path': 'full/847c212092d2e684ce672ecaa83cfc31a19fb8da.jpg', 'checksum': '57eea77cb13032a10b14854575964551'}]",In stock (1 available)
4,Books,Ready Player One,£19.07,£0.00,2ef5dc7e278e562a,http://books.toscrape.com/media/cache/b9/af/b9afd75c09ff7bf82c9a158a34cb993d.jpg,0,"[{'url': 'http://books.toscrape.com/media/cache/b9/af/b9afd75c09ff7bf82c9a158a34cb993d.jpg', 'path': 'full/3d116bb0c3dccd49da96ed17815b76139b22bbd9.jpg', 'checksum': '720d495cb828d451c82976fdbf300d58'}]",In stock (3 available)
2,Books,The Last Girl (The Dominion Trilogy #1),£36.26,£0.00,16c71736dae78764,http://books.toscrape.com/media/cache/2a/88/2a88181c495875c02f87c2e6010b046d.jpg,0,"[{'url': 'http://books.toscrape.com/media/cache/2a/88/2a88181c495875c02f87c2e6010b046d.jpg', 'path': 'full/02dc2508a5193222eeb2be9b54c411ad86f42b2e.jpg', 'checksum': 'e375574500c590cfda4ba8693694b5de'}]",In stock (1 available)
1,Books,Dune (Dune #1),£54.86,£0.00,36d5884d44484277,http://books.toscrape.com/media/cache/63/a9/63a9a4e0c8e3c6ee2075a766b873cd31.jpg,0,"[{'url': 'http://books.toscrape.com/media/cache/63/a9/63a9a4e0c8e3c6ee2075a766b873cd31.jpg', 'path': 'full/5810e22319d5568cb5ac352e763a6b7bdb8c9da4.jpg', 'checksum': '9cad463433545e5bafe6fd922e1bbf79'}]",In stock (3 available)
1,Books,Do Androids Dream of Electric Sheep? (Blade Runner #1),£51.48,£0.00,98330e431e56a9ea,http://books.toscrape.com/media/cache/c7/a3/c7a3d04df9cbc857b149cd76d32e3030.jpg,0,"[{'url': 'http://books.toscrape.com/media/cache/c7/a3/c7a3d04df9cbc857b149cd76d32e3030.jpg', 'path': 'full/14811402f7660ed1a6ea7ee0ba372d3c1e6df799.jpg', 'checksum': '3544e5ce7ba4648ac65460b55389c6d4'}]",In stock (3 available)
3,Books,The Bhagavad Gita,£57.49,£0.00,f3a0b8c835129558,http://books.toscrape.com/media/cache/13/27/13270087ac5cba3e999166a64991187a.jpg,0,"[{'url': 'http://books.toscrape.com/media/cache/13/27/13270087ac5cba3e999166a64991187a.jpg', 'path': 'full/d0eb00a472d889765865edfd2d1e2583434c1d3f.jpg', 'checksum': '04a670233e07928fe96435b7bed061b2'}]",In stock (1 available)
1,Books,The Restaurant at the End of the Universe (Hitchhiker's Guide to the Galaxy #2),£10.92,£0.00,0e92ccf1bd39e68f,http://books.toscrape.com/media/cache/aa/8f/aa8fc991d84aca12ed94a0a2fa1099e5.jpg,0,"[{'url': 'http://books.toscrape.com/media/cache/aa/8f/aa8fc991d84aca12ed94a0a2fa1099e5.jpg', 'path': 'full/59ee93a28567ee3b87d9fbf153b265bd80c866dd.jpg', 'checksum': '8fa32c7fcf61c79e9ed9b9929ea15c76'}]",In stock (3 available)
1,Books,"A History of God: The 4,000-Year Quest of Judaism, Christianity, and Islam",£27.62,£0.00,d12ca4020c2f602e,http://books.toscrape.com/media/cache/fd/99/fd996fdccb07aa8759f1388a0dea343a.jpg,0,"[{'url': 'http://books.toscrape.com/media/cache/fd/99/fd996fdccb07aa8759f1388a0dea343a.jpg', 'path': 'full/5195cdbde41af5f2601e795d99c15f5db975b6dd.jpg', 'checksum': 'c2f5a7a23bd5ceddcf39d0ae8fb25692'}]",In stock (4 available)
1,Books,Foundation (Foundation (Publication Order) #1),£32.42,£0.00,3fc124f59f3068e4,http://books.toscrape.com/media/cache/da/a0/daa08c54a927c27494ea5bb90af79c60.jpg,0,"[{'url': 'http://books.toscrape.com/media/cache/da/a0/daa08c54a927c27494ea5bb90af79c60.jpg', 'path': 'full/e080d3cb56e4929719243f1ccef77d17cfcb5e73.jpg', 'checksum': 'a652e4eda73238016218228b4199bb1d'}]",In stock (5 available)
4,Books,Choosing Our Religion: The Spiritual Lives of America's Nones,£28.42,£0.00,a812f6969ddf3e39,http://books.toscrape.com/media/cache/e9/8a/e98a7adb82052fb13418a43291b8f0d4.jpg,0,"[{'url': 'http://books.toscrape.com/media/cache/e9/8a/e98a7adb82052fb13418a43291b8f0d4.jpg', 'path': 'full/55f7935fffccae86ffc823dada7f5ed628307a62.jpg', 'checksum': 'eadf3ed036e96104137ff0ef02c7b5b5'}]",In stock (1 available)
5,Books,The Book of Basketball: The NBA According to The Sports Guy,£44.84,£0.00,08decd9664e5d56e,http://books.toscrape.com/media/cache/73/bb/73bbe0a70806f8a732b9a7a7a343c5ec.jpg,0,"[{'url': 'http://books.toscrape.com/media/cache/73/bb/73bbe0a70806f8a732b9a7a7a343c5ec.jpg', 'path': 'full/a9657bf283e78175567d56aa1e09e548a7366cce.jpg', 'checksum': 'c32ec83e2d08413400338a70ac5c00ce'}]",In stock (3 available)
5,Books,Off Sides (Off #1),£39.45,£0.00,b6f1cfadc4dd79d4,http://books.toscrape.com/media/cache/4a/58/4a58f6feb21b7194911eddb020766583.jpg,0,"[{'url': 'http://books.toscrape.com/media/cache/4a/58/4a58f6feb21b7194911eddb020766583.jpg', 'path': 'full/47a1fde1e17191982c015c670337c5c4a142f9ec.jpg', 'checksum': '76a26e73e88b69a7252583f8ea4a12b0'}]",In stock (1 available)
5,Books,The Hook Up (Game On #1),£36.29,£0.00,6e473eff459e809f,http://books.toscrape.com/media/cache/90/de/90de87ce300bcbbfcdb9ad77fc9a2e5f.jpg,0,"[{'url': 'http://books.toscrape.com/media/cache/90/de/90de87ce300bcbbfcdb9ad77fc9a2e5f.jpg', 'path': 'full/ba518a865e20b90997459c0c83006b69a3ebcd8e.jpg', 'checksum': '96ee9c78bc704cc752a496a9c6c1f512'}]",In stock (1 available)
3,Books,Shameless,£58.35,£0.00,c068c013d6921fea,http://books.toscrape.com/media/cache/e2/52/e252988534e955a047c562376b8b95c0.jpg,0,"[{'url': 'http://books.toscrape.com/media/cache/e2/52/e252988534e955a047c562376b8b95c0.jpg', 'path': 'full/b7a5cdccf3ed4dbf4d61cd49ead8b24e1cdd2304.jpg', 'checksum': '7a5673f0a274e2008594eecdfdedf10f'}]",In stock (1 available)
2,Books,"Surely You're Joking, Mr. Feynman!: Adventures of a Curious Character",£25.83,£0.00,61002f3b7ba5d780,http://books.toscrape.com/media/cache/a5/50/a550edf8668b36d52d37080a804944ab.jpg,0,"[{'url': 'http://books.toscrape.com/media/cache/a5/50/a550edf8668b36d52d37080a804944ab.jpg', 'path': 'full/943e0d0e2f2d83d0f814e359214f46e4bfd834a5.jpg', 'checksum': '0b0debc0eac75e502bdd0995b0870fff'}]",In stock (3 available)
2,Books,Peak: Secrets from the New Science of Expertise,£16.28,£0.00,6036239d2ab349b7,http://books.toscrape.com/media/cache/7c/04/7c04c7a92b5ba83361eba81fa364a2ca.jpg,0,"[{'url': 'http://books.toscrape.com/media/cache/7c/04/7c04c7a92b5ba83361eba81fa364a2ca.jpg', 'path': 'full/e5bd41c3092f458f7f62806519f35eec3966b79e.jpg', 'checksum': '64b3a9e7a6ad55e157d28a752d814fb5'}]",In stock (5 available)
4,Books,Seven Brief Lessons on Physics,£30.60,£0.00,281a244ce1954711,http://books.toscrape.com/media/cache/ae/f9/aef933758e39ba5e4327b2152478bb1a.jpg,0,"[{'url': 'http://books.toscrape.com/media/cache/ae/f9/aef933758e39ba5e4327b2152478bb1a.jpg', 'path': 'full/dd588c921c43ad784f394a4bf7b47f107b41fc8b.jpg', 'checksum': '84c385b02c8df31d6d6e0b1ddcbb09da'}]",In stock (3 available)
1,Books,The Selfish Gene,£29.45,£0.00,6f2c0a9adbb2bca9,http://books.toscrape.com/media/cache/d7/63/d763b806d6f0fb6580f16d08e00bdba6.jpg,0,"[{'url': 'http://books.toscrape.com/media/cache/d7/63/d763b806d6f0fb6580f16d08e00bdba6.jpg', 'path': 'full/0a007ac89083ad8b68c56ec0f8df5a811e76607c.jpg', 'checksum': 'e2a47b6d5966cdfe89f0124584d824a1'}]",In stock (1 available)
4,Books,"The Elegant Universe: Superstrings, Hidden Dimensions, and the Quest for the Ultimate Theory",£13.03,£0.00,c6bf14cb901c63ac,http://books.toscrape.com/media/cache/5e/db/5edba3f8d50df6306bc5aa3f2516bd0c.jpg,0,"[{'url': 'http://books.toscrape.com/media/cache/5e/db/5edba3f8d50df6306bc5aa3f2516bd0c.jpg', 'path': 'full/9d1c7d2eba774c95d08f762d1d588b5e93965376.jpg', 'checksum': '4bf36f18ee5ae81ee70dbb5f16e93215'}]",In stock (3 available)
5,Books,"The Disappearing Spoon: And Other True Tales of Madness, Love, and the History of the World from the Periodic Table of the Elements",£57.35,£0.00,63c0826ef59eae66,http://books.toscrape.com/media/cache/47/cd/47cd27d1ae8935f974541829eea328f2.jpg,0,"[{'url': 'http://books.toscrape.com/media/cache/47/cd/47cd27d1ae8935f974541829eea328f2.jpg', 'path': 'full/d1da688b141e2bf9c5e614b83785ea28d273d822.jpg', 'checksum': '6406e9b68a5fd707f42376b8ad25658d'}]",In stock (3 available)
3,Books,The Grand Design,£13.76,£0.00,3213b1f13f5f0f7c,http://books.toscrape.com/media/cache/9b/69/9b696c2064d6ee387774b6121bb4be91.jpg,0,"[{'url': 'http://books.toscrape.com/media/cache/9b/69/9b696c2064d6ee387774b6121bb4be91.jpg', 'path': 'full/0666723e479b14af2f912c2f6eb533615f8d1705.jpg', 'checksum': '5195df0704f5590a00c472d516a7d8ba'}]",In stock (5 available)
4,Books,Twenty Love Poems and a Song of Despair,£30.95,£0.00,e63c3f25338baf9a,http://books.toscrape.com/media/cache/ec/10/ec10f11ff0ea13c17a42d81b03896235.jpg,0,"[{'url': 'http://books.toscrape.com/media/cache/ec/10/ec10f11ff0ea13c17a42d81b03896235.jpg', 'path': 'full/bce296035ae31d6ff617717c468084269b2c2530.jpg', 'checksum': 'b58d1a7995fc0f1a06d2989e6ace5a48'}]",In stock (1 available)
4,Books,The Crossover,£38.77,£0.00,b228042c088b1913,http://books.toscrape.com/media/cache/25/fe/25fe373b974387a66ff1dea80f023ccb.jpg,0,"[{'url': 'http://books.toscrape.com/media/cache/25/fe/25fe373b974387a66ff1dea80f023ccb.jpg', 'path': 'full/afa972ac9f929113529d250d3dc9d4cd59e101bf.jpg', 'checksum': '9d620395793bd2a0830d654bb48dab9d'}]",In stock (5 available)
5,Books,Booked,£17.49,£0.00,b54d7416bb445989,http://books.toscrape.com/media/cache/cf/3b/cf3b0341f5f4f4ad2c1439c11d32a9b1.jpg,0,"[{'url': 'http://books.toscrape.com/media/cache/cf/3b/cf3b0341f5f4f4ad2c1439c11d32a9b1.jpg', 'path': 'full/2663b8d17436085906f1f3ffe42672815e142287.jpg', 'checksum': '67a74c20e2d843c2881c042bcadbd372'}]",In stock (5 available)
5,Books,A Heartbreaking Work of Staggering Genius,£54.29,£0.00,c9770bb1d5a492a0,http://books.toscrape.com/media/cache/47/f3/47f3d4f1e85773bf41ba64a036e37994.jpg,0,"[{'url': 'http://books.toscrape.com/media/cache/47/f3/47f3d4f1e85773bf41ba64a036e37994.jpg', 'path': 'full/5fa3b44fabf3d99a6bf06707a8d1d4160834be12.jpg', 'checksum': '1ad099885ab58bdf7c44165d9d0101fa'}]",In stock (3 available)
2,Books,Lust &amp; Wonder,£11.87,£0.00,0dcadb06206abd3c,http://books.toscrape.com/media/cache/25/1c/251ce4355601534338a646f2b63be93a.jpg,0,"[{'url': 'http://books.toscrape.com/media/cache/25/1c/251ce4355601534338a646f2b63be93a.jpg', 'path': 'full/ddc33e70107b562e0354bff1c37d559749cf6992.jpg', 'checksum': 'c55d621028b379411325cd7e30b92838'}]",In stock (3 available)
5,Books,Life Without a Recipe,£59.04,£0.00,c53d9fefcda371e9,http://books.toscrape.com/media/cache/9e/4f/9e4fb935df3113056cc9bdee6cd09ea6.jpg,0,"[{'url': 'http://books.toscrape.com/media/cache/9e/4f/9e4fb935df3113056cc9bdee6cd09ea6.jpg', 'path': 'full/db75e787621637b30ce9a21b8b7b65310c2e59a5.jpg', 'checksum': '77ae9e958ce00854be33fbd9a694499d'}]",In stock (3 available)
4,Books,Running with Scissors,£12.91,£0.00,28921443f052bea6,http://books.toscrape.com/media/cache/4c/e1/4ce1ed40df359e001020e1ea55674381.jpg,0,"[{'url': 'http://books.toscrape.com/media/cache/4c/e1/4ce1ed40df359e001020e1ea55674381.jpg', 'path': 'full/8a067a04e96219eb4fac670f95677f1507084ad2.jpg', 'checksum': '5536f8de64dd2b8983695952b383b1e0'}]",In stock (3 available)
2,Books,Me Talk Pretty One Day,£57.60,£0.00,abc4a7ee16c21088,http://books.toscrape.com/media/cache/61/b2/61b220c2079a45a7975a397c8849e00e.jpg,0,"[{'url': 'http://books.toscrape.com/media/cache/61/b2/61b220c2079a45a7975a397c8849e00e.jpg', 'path': 'full/5f276aed28c7862b73fac51b82a9f5296191bb8a.jpg', 'checksum': 'a9d604a499b5bce2ad2468565b23a08c'}]",In stock (3 available)
5,Books,Approval Junkie: Adventures in Caring Too Much,£58.81,£0.00,612369a5947a012e,http://books.toscrape.com/media/cache/96/6d/966d8d2afdead087cba0f29a69f89ba5.jpg,0,"[{'url': 'http://books.toscrape.com/media/cache/96/6d/966d8d2afdead087cba0f29a69f89ba5.jpg', 'path': 'full/33ff05a278ba5663758031a03fdeb74c59d85a82.jpg', 'checksum': '9e194ec37ba1c61be6edd90943fe8137'}]",In stock (5 available)
1,Books,8 Keys to Mental Health Through Exercise,£31.04,£0.00,f5873c8fc7760000,http://books.toscrape.com/media/cache/37/5e/375e0267fe12e7aa1f9f7f2bd2711ecb.jpg,0,"[{'url': 'http://books.toscrape.com/media/cache/37/5e/375e0267fe12e7aa1f9f7f2bd2711ecb.jpg', 'path': 'full/42734356782dda42004a8bb7cfc346d0f2a27498.jpg', 'checksum': '6847ddf41bb0a50aeae369892c3d844c'}]",In stock (3 available)
2,Books,Civilization and Its Discontents,£59.95,£0.00,396385e3de5d18c3,http://books.toscrape.com/media/cache/5c/27/5c2728296f41f2f0fb52142e35f49570.jpg,0,"[{'url': 'http://books.toscrape.com/media/cache/5c/27/5c2728296f41f2f0fb52142e35f49570.jpg', 'path': 'full/685410db89b6a3bbbacc407d5b9a238d5494c3c3.jpg', 'checksum': 'bd3125755f822df6cc269dce32c6d732'}]",In stock (3 available)
1,Books,"Thinking, Fast and Slow",£21.14,£0.00,719d72f3ee512dc6,http://books.toscrape.com/media/cache/7d/9b/7d9ba3173dcc0194ec63f9c77d0763cb.jpg,0,"[{'url': 'http://books.toscrape.com/media/cache/7d/9b/7d9ba3173dcc0194ec63f9c77d0763cb.jpg', 'path': 'full/8a46478ab1737cc4b7657f54177ac740edfaf336.jpg', 'checksum': 'd117dd91cfd508c58e11cb9339f36f2f'}]",In stock (3 available)
5,Books,Ways of Seeing,£39.51,£0.00,66a4e422b212726a,http://books.toscrape.com/media/cache/a5/54/a5542b7abc8673ea8254a3fe93b23e4e.jpg,0,"[{'url': 'http://books.toscrape.com/media/cache/a5/54/a5542b7abc8673ea8254a3fe93b23e4e.jpg', 'path': 'full/ca4c434bea193345f9938528cad245efa65f9c03.jpg', 'checksum': '3e29598ec71346e814a4f2762363894e'}]",In stock (1 available)
5,Books,When You Are Engulfed in Flames,£30.89,£0.00,dab0196cd5fc8e5e,http://books.toscrape.com/media/cache/42/1a/421afe48509fc8cccccad804b64c58dc.jpg,0,"[{'url': 'http://books.toscrape.com/media/cache/42/1a/421afe48509fc8cccccad804b64c58dc.jpg', 'path': 'full/2fb8ac72f77b519c7a1a421c2de2ef67f42d0ebc.jpg', 'checksum': 'd77248d5bc456da10a199b282052ae85'}]",In stock (3 available)
2,Books,The Stand,£57.86,£0.00,49f24193f0b961e6,http://books.toscrape.com/media/cache/f9/8b/f98bdf42af5e223bc0f6ea6bd0a48a53.jpg,0,"[{'url': 'http://books.toscrape.com/media/cache/f9/8b/f98bdf42af5e223bc0f6ea6bd0a48a53.jpg', 'path': 'full/f3800cfdb7ac71f9e8d040c004809a20269549e8.jpg', 'checksum': 'b60134bf1f339c48e62066e857a7ad41'}]",In stock (3 available)
3,Books,The Girl with All the Gifts,£49.47,£0.00,92dcc54a27107a37,http://books.toscrape.com/media/cache/9a/91/9a911066cb404976bcc25dbc8817432a.jpg,0,"[{'url': 'http://books.toscrape.com/media/cache/9a/91/9a911066cb404976bcc25dbc8817432a.jpg', 'path': 'full/cdcd3cd1a34f88a7ff5de5b6ad820b06e5d9b59c.jpg', 'checksum': 'da7728d332f32ce02165286d20a04248'}]",In stock (3 available)
4,Books,'Salem's Lot,£49.56,£0.00,6e9403f00acd6752,http://books.toscrape.com/media/cache/d3/55/d35568710e773adf06a0bc756a99f66d.jpg,0,"[{'url': 'http://books.toscrape.com/media/cache/d3/55/d35568710e773adf06a0bc756a99f66d.jpg', 'path': 'full/d5451cab0c8d2cd0a8ecd587813968ccce2d0fdb.jpg', 'checksum': '66752a6635ff5a3ba31ba5e04f1cff12'}]",In stock (4 available)
1,Books,House of Leaves,£54.89,£0.00,557c03c284be1bf2,http://books.toscrape.com/media/cache/20/c2/20c2ff61355569b4f84e2f847e37db25.jpg,0,"[{'url': 'http://books.toscrape.com/media/cache/20/c2/20c2ff61355569b4f84e2f847e37db25.jpg', 'path': 'full/e51918ee29e65841d61a21b11c4f5476698333de.jpg', 'checksum': 'acb324ef3183c92da3c46234bc07c135'}]",In stock (3 available)
2,Books,Misery,£34.79,£0.00,81d4191030b9704b,http://books.toscrape.com/media/cache/cc/fb/ccfb8bb0f63377a67fb0a39d513f6cab.jpg,0,"[{'url': 'http://books.toscrape.com/media/cache/cc/fb/ccfb8bb0f63377a67fb0a39d513f6cab.jpg', 'path': 'full/2ba1abeada7f372ffcbd784edec8d9876d517d50.jpg', 'checksum': 'e4006db45f311b24a018be53f6dad7f3'}]",In stock (4 available)
3,Books,It,£25.01,£0.00,670a2773607d785d,http://books.toscrape.com/media/cache/f9/40/f9409b5717cc44f29aa444d85ad26bdc.jpg,0,"[{'url': 'http://books.toscrape.com/media/cache/f9/40/f9409b5717cc44f29aa444d85ad26bdc.jpg', 'path': 'full/f6242d2e050ec3458ed6740e09c8b164f37d2dbb.jpg', 'checksum': 'f1ee0da8f128ffa8b49d63aa9faa6512'}]",In stock (4 available)
4,Books,Night Shift (Night Shift #1-20),£12.75,£0.00,869d20b3b8128230,http://books.toscrape.com/media/cache/b8/84/b8843e0c3fbadb1682b095c99eda7f7a.jpg,0,"[{'url': 'http://books.toscrape.com/media/cache/b8/84/b8843e0c3fbadb1682b095c99eda7f7a.jpg', 'path': 'full/b68c47b5d8e9a51a6216e06494ede6fe07d9f320.jpg', 'checksum': 'd655f36c207f90ae2b700c1a93800d22'}]",In stock (4 available)
5,Books,Dracula the Un-Dead,£35.63,£0.00,e46b1074b99ac4b6,http://books.toscrape.com/media/cache/b1/f2/b1f25fa4623b3ee2db6fb6d6e27c6fb5.jpg,0,"[{'url': 'http://books.toscrape.com/media/cache/b1/f2/b1f25fa4623b3ee2db6fb6d6e27c6fb5.jpg', 'path': 'full/661fe09042d4d8c96bf34e3c2f2f888df52886bf.jpg', 'checksum': '3b2791b8b35a673ee5f856f960931afe'}]",In stock (5 available)
4,Books,Needful Things,£47.51,£0.00,70b585c9d0f15725,http://books.toscrape.com/media/cache/d2/d8/d2d818d6654086560072fe1d42189636.jpg,0,"[{'url': 'http://books.toscrape.com/media/cache/d2/d8/d2d818d6654086560072fe1d42189636.jpg', 'path': 'full/18d4615c26a4ae1e95612a2be132d8622096ac7a.jpg', 'checksum': '28c3cb0c4017cda819a933405c609694'}]",In stock (4 available)
3,Books,Red Dragon (Hannibal Lecter #1),£23.37,£0.00,e958ae92f328c181,http://books.toscrape.com/media/cache/4a/ce/4acec5ebebf374e7a84a5d8c74ee5752.jpg,0,"[{'url': 'http://books.toscrape.com/media/cache/4a/ce/4acec5ebebf374e7a84a5d8c74ee5752.jpg', 'path': 'full/9f38aa33a0eac09ffafa47b734fe9cea2a0caa8d.jpg', 'checksum': '96833ec3b4be3fb67d1657c0283f1ab3'}]",In stock (5 available)
2,Books,The Guns of August,£14.54,£0.00,b5da59dd177eb36b,http://books.toscrape.com/media/cache/ca/23/ca23598be538026a7898232e8a1079d0.jpg,0,"[{'url': 'http://books.toscrape.com/media/cache/ca/23/ca23598be538026a7898232e8a1079d0.jpg', 'path': 'full/07e9277143c4380f169fdd1f519744c3a9cd2a2a.jpg', 'checksum': '0abf2d44adf91ca6fd99881145ca65e7'}]",In stock (3 available)
2,Books,America's War for the Greater Middle East: A Military History,£51.22,£0.00,add33db6ff80db24,http://books.toscrape.com/media/cache/da/0c/da0ca0d6586f8164b7a96d4c807a6c7f.jpg,0,"[{'url': 'http://books.toscrape.com/media/cache/da/0c/da0ca0d6586f8164b7a96d4c807a6c7f.jpg', 'path': 'full/1c3fa92c9299c538e934638cad86276b3cd1e39c.jpg', 'checksum': '9dd3507b553c59f672263a301f2ee2da'}]",In stock (5 available)
5,Books,The Mathews Men: Seven Brothers and the War Against Hitler's U-boats,£42.91,£0.00,0d210d2448c3018f,http://books.toscrape.com/media/cache/52/74/5274c64fbcb7ce4bbf427ed751f6cada.jpg,0,"[{'url': 'http://books.toscrape.com/media/cache/52/74/5274c64fbcb7ce4bbf427ed751f6cada.jpg', 'path': 'full/67b03596795214ac23faa834f64148e15b096774.jpg', 'checksum': 'c217a64b10ef9b65fbe5db7625354494'}]",In stock (5 available)
4,Books,The Hiding Place,£55.91,£0.00,c4589ee5977a47be,http://books.toscrape.com/media/cache/74/92/74927818a922712c13999a8043f7f35c.jpg,0,"[{'url': 'http://books.toscrape.com/media/cache/74/92/74927818a922712c13999a8043f7f35c.jpg', 'path': 'full/7e73967ab30328734beb105ca2b4d88e9fa0a032.jpg', 'checksum': '7c6bd7e1ff39c6802c2f46b2cdbdf24f'}]",In stock (5 available)
2,Books,Catastrophic Happiness: Finding Joy in Childhood's Messy Years,£37.35,£0.00,ef49db2aaa9bb547,http://books.toscrape.com/media/cache/3c/b9/3cb9c84d2a6a66f8bb6601d4f33deaa0.jpg,0,"[{'url': 'http://books.toscrape.com/media/cache/3c/b9/3cb9c84d2a6a66f8bb6601d4f33deaa0.jpg', 'path': 'full/5079773ca0bdf9dcb687d3701e5f436372696bda.jpg', 'checksum': '13a26ed0e63e004f2f71f990d4168ced'}]",In stock (3 available)
4,Books,If I Run (If I Run #1),£49.97,£0.00,61569d12d4ae7161,http://books.toscrape.com/media/cache/54/17/54179d9af49616b1ef35a0bb23294b14.jpg,0,"[{'url': 'http://books.toscrape.com/media/cache/54/17/54179d9af49616b1ef35a0bb23294b14.jpg', 'path': 'full/e5ac842bd0a49cb1c1d0193d99ea045799f8b374.jpg', 'checksum': 'af2d55a640cdf3b7eaaf1eb559912bfe'}]",In stock (3 available)
3,Books,The Rise of Theodore Roosevelt (Theodore Roosevelt #1),£42.57,£0.00,1a5044d233936b1a,http://books.toscrape.com/media/cache/4c/09/4c090b85892f532210e44d84b752b64d.jpg,0,"[{'url': 'http://books.toscrape.com/media/cache/4c/09/4c090b85892f532210e44d84b752b64d.jpg', 'path': 'full/cba818e13603532443a210f01a0bb2be91c4c8f7.jpg', 'checksum': '92769768755b1e162c0f124aca7af940'}]",In stock (3 available)
2,Books,Rework,£44.88,£0.00,8e9dd8431170c09e,http://books.toscrape.com/media/cache/12/23/12233a9d0bf8187a988c27c6a54b3d31.jpg,0,"[{'url': 'http://books.toscrape.com/media/cache/12/23/12233a9d0bf8187a988c27c6a54b3d31.jpg', 'path': 'full/2c181d96944b4beff10ba3f435f3a6f342d4b420.jpg', 'checksum': '169a46da74d6a559ef74233662155ffc'}]",In stock (3 available)
3,Books,The Lean Startup: How Today's Entrepreneurs Use Continuous Innovation to Create Radically Successful Businesses,£33.92,£0.00,70c7c3ca7f9b2728,http://books.toscrape.com/media/cache/52/6e/526e9f360da288db64ca70c89cdbcaa9.jpg,0,"[{'url': 'http://books.toscrape.com/media/cache/52/6e/526e9f360da288db64ca70c89cdbcaa9.jpg', 'path': 'full/d349c5559de0b498ce953d8d92d5d21b0ba699c4.jpg', 'checksum': 'ae5f06cdb51025cfb25b8bd61397189a'}]",In stock (3 available)
4,Books,The Secret Garden,£15.08,£0.00,abbb492978ff656d,http://books.toscrape.com/media/cache/f1/78/f17805e88aed31aae352ab250b2a379d.jpg,0,"[{'url': 'http://books.toscrape.com/media/cache/f1/78/f17805e88aed31aae352ab250b2a379d.jpg', 'path': 'full/84697fc06b47e51339cf897c0cb5da3c1796f6f5.jpg', 'checksum': 'ff52f9b1a6e1b2b174e9e032e23c6458'}]",In stock (5 available)
2,Books,And Then There Were None,£35.01,£0.00,cfe350b20d23b02b,http://books.toscrape.com/media/cache/6f/b0/6fb0c3064656f888125ab577b6a01867.jpg,0,"[{'url': 'http://books.toscrape.com/media/cache/6f/b0/6fb0c3064656f888125ab577b6a01867.jpg', 'path': 'full/2c671ed736a883a4a3e33cf7692ba0182a7bf535.jpg', 'checksum': '58981ac7c829f80a9bfb4a16bd55a567'}]",In stock (3 available)
1,Books,Sense and Sensibility,£37.46,£0.00,35e44170702139a4,http://books.toscrape.com/media/cache/a8/57/a857deea83c7d4c66e2920e1cf5d8fe0.jpg,0,"[{'url': 'http://books.toscrape.com/media/cache/a8/57/a857deea83c7d4c66e2920e1cf5d8fe0.jpg', 'path': 'full/db5ade076abab8dd57d29e32423edd23c60ba6f6.jpg', 'checksum': '943da41571852c7edd6b885a8a4ebee4'}]",In stock (1 available)
4,Books,The Story of Hong Gildong,£43.19,£0.00,32d035df92ab9080,http://books.toscrape.com/media/cache/b5/5b/b55be7e5c18b62cef6ebeae404f7f643.jpg,0,"[{'url': 'http://books.toscrape.com/media/cache/b5/5b/b55be7e5c18b62cef6ebeae404f7f643.jpg', 'path': 'full/4051e72c1cf973a034d07be713bbe546e82d366f.jpg', 'checksum': 'd7e24c424889413e3e1f4718394489e5'}]",In stock (1 available)
2,Books,Emma,£32.93,£0.00,2e69730561ed70ad,http://books.toscrape.com/media/cache/ae/98/ae98d08a6f427491dd8eda6b51af41fe.jpg,0,"[{'url': 'http://books.toscrape.com/media/cache/ae/98/ae98d08a6f427491dd8eda6b51af41fe.jpg', 'path': 'full/64c8711a9378c80449f3613416b60119ef4716a7.jpg', 'checksum': 'dc1286510b6cd58d0981ef96aa6d4639'}]",In stock (1 available)
2,Books,The Little Prince,£45.42,£0.00,1aeca7d078d57deb,http://books.toscrape.com/media/cache/c0/d6/c0d67625e62981155f5e1f553bda1a94.jpg,0,"[{'url': 'http://books.toscrape.com/media/cache/c0/d6/c0d67625e62981155f5e1f553bda1a94.jpg', 'path': 'full/a31f4c0e521df87b4fafdfbd03a1659689f5d1e5.jpg', 'checksum': '6ffac5b9a84654cfaa645fac3405a013'}]",In stock (1 available)
2,Books,Of Mice and Men,£47.11,£0.00,39592d9d72e717c4,http://books.toscrape.com/media/cache/a0/bb/a0bb0881c8ee6f5866804cf0a437853f.jpg,0,"[{'url': 'http://books.toscrape.com/media/cache/a0/bb/a0bb0881c8ee6f5866804cf0a437853f.jpg', 'path': 'full/7ed28241ad2b8039db822afbfb72068f4994f639.jpg', 'checksum': '9922311b149f71b1d3954f8333faab5e'}]",In stock (1 available)
4,Books,The Complete Stories and Poems (The Works of Edgar Allan Poe [Cameo Edition]),£26.78,£0.00,cad70d6ffd53912f,http://books.toscrape.com/media/cache/55/2d/552d55d44dcc0f27e98b3e7dc3959e1a.jpg,0,"[{'url': 'http://books.toscrape.com/media/cache/55/2d/552d55d44dcc0f27e98b3e7dc3959e1a.jpg', 'path': 'full/3c2495bfbb3e24e5cae6f7afbcd16690ccc9a98f.jpg', 'checksum': '34800ff5c5de2b62b51290e90934d635'}]",In stock (3 available)
3,Books,Animal Farm,£57.22,£0.00,1451b55e5e56bb89,http://books.toscrape.com/media/cache/73/b9/73b9d68a89e6d037f1afdc70f96bad09.jpg,0,"[{'url': 'http://books.toscrape.com/media/cache/73/b9/73b9d68a89e6d037f1afdc70f96bad09.jpg', 'path': 'full/6dc3c0078eb74907b35f97acb903354bb6ce3ff0.jpg', 'checksum': '3f252660d17c703952a357d4b706f917'}]",In stock (4 available)
1,Books,Alice in Wonderland (Alice's Adventures in Wonderland #1),£55.53,£0.00,cd2a2a70dd5d176d,http://books.toscrape.com/media/cache/99/df/99df494c230127c3d5ff53153d1f23a3.jpg,0,"[{'url': 'http://books.toscrape.com/media/cache/99/df/99df494c230127c3d5ff53153d1f23a3.jpg', 'path': 'full/4ad0c38950d4caf2804d80bfaf1eba27b40d51eb.jpg', 'checksum': 'c784f2179d2c65208b8db4dbdfae307a'}]",In stock (1 available)
2,Books,The Picture of Dorian Gray,£29.70,£0.00,b9f6305a3d650e2c,http://books.toscrape.com/media/cache/67/29/67297ff3ae6cb02884c52e5250fe7c1a.jpg,0,"[{'url': 'http://books.toscrape.com/media/cache/67/29/67297ff3ae6cb02884c52e5250fe7c1a.jpg', 'path': 'full/99321235adf8ceb73ff1a807baae9f3e6594faeb.jpg', 'checksum': 'dc123e122eb8acbd54520843fe483206'}]",In stock (3 available)
3,Books,Wuthering Heights,£17.73,£0.00,5a7ff9aaa3168878,http://books.toscrape.com/media/cache/d8/64/d8644073d00c000cb60643256080cc4b.jpg,0,"[{'url': 'http://books.toscrape.com/media/cache/d8/64/d8644073d00c000cb60643256080cc4b.jpg', 'path': 'full/718914cf6071cac3f733384658623ea3802f1aaa.jpg', 'checksum': 'aaca5ba45ae19438014c072bcecad78c'}]",In stock (3 available)
4,Books,Little Women (Little Women #1),£28.07,£0.00,deda806b68b0aa11,http://books.toscrape.com/media/cache/55/a9/55a942b0c092c40bdbb6a1f1be340984.jpg,0,"[{'url': 'http://books.toscrape.com/media/cache/55/a9/55a942b0c092c40bdbb6a1f1be340984.jpg', 'path': 'full/909ee7e51263fa553f6ecdaf68fa5cd2f8be449a.jpg', 'checksum': '074200d9672d2695efed9deb9eb8c563'}]",In stock (4 available)
3,Books,Candide,£58.63,£0.00,2798974abc8a58a8,http://books.toscrape.com/media/cache/e7/7d/e77d917c495e649216225bd47e006482.jpg,0,"[{'url': 'http://books.toscrape.com/media/cache/e7/7d/e77d917c495e649216225bd47e006482.jpg', 'path': 'full/f3662eaa9d0de64680889e91d3d6bb91192cc312.jpg', 'checksum': '30b883ecb14c8bb95fcb379a67debb60'}]",In stock (4 available)
2,Books,Beowulf,£38.35,£0.00,3fb69f34e178d494,http://books.toscrape.com/media/cache/3d/8c/3d8cd7a42d3e57cb10e02f9ab76bd549.jpg,0,"[{'url': 'http://books.toscrape.com/media/cache/3d/8c/3d8cd7a42d3e57cb10e02f9ab76bd549.jpg', 'path': 'full/eb2c19fd4fe54447707dd2ed520f1ca477a7c586.jpg', 'checksum': '654c543c4c8a098e196f9c4d5e0fbe80'}]",In stock (3 available)
3,Books,Gone with the Wind,£32.49,£0.00,23310ce84d3c9f85,http://books.toscrape.com/media/cache/ac/ee/acee20cff19be38cc3efc5e9b50afae4.jpg,0,"[{'url': 'http://books.toscrape.com/media/cache/ac/ee/acee20cff19be38cc3efc5e9b50afae4.jpg', 'path': 'full/cbf3a3484418e4f56ebd6a769e692082da9b64d7.jpg', 'checksum': '3a875f034c9972b76f7179402cfca256'}]",In stock (4 available)
2,Books,Girl in the Blue Coat,£46.83,£0.00,41fc5dce044f16f5,http://books.toscrape.com/media/cache/15/ea/15eaabd188af8916c4a37d135f7b8952.jpg,0,"[{'url': 'http://books.toscrape.com/media/cache/15/ea/15eaabd188af8916c4a37d135f7b8952.jpg', 'path': 'full/8e7bba40b467a5c45e2945a007651116c923933c.jpg', 'checksum': '85729aa3e3155512ad05c47185049c9a'}]",In stock (3 available)
1,Books,The Guernsey Literary and Potato Peel Pie Society,£49.53,£0.00,4a0a276409968a73,http://books.toscrape.com/media/cache/98/e3/98e3925e5e6a66acf2cde918fc147205.jpg,0,"[{'url': 'http://books.toscrape.com/media/cache/98/e3/98e3925e5e6a66acf2cde918fc147205.jpg', 'path': 'full/af6e3e72c9f3cbbcee6187a84de295ebeea0a019.jpg', 'checksum': 'bc71728a086ca92c31b3b87684f68e48'}]",In stock (3 available)
5,Books,Voyager (Outlander #3),£21.07,£0.00,7feac4000cbc5859,http://books.toscrape.com/media/cache/6e/22/6e22497cbecedef59be86d1328e4b044.jpg,0,"[{'url': 'http://books.toscrape.com/media/cache/6e/22/6e22497cbecedef59be86d1328e4b044.jpg', 'path': 'full/ab187a3e5fe4f8fc5683b59d22250a1712ea2f33.jpg', 'checksum': '576abbca9aa2470eafb01e3c7d79537b'}]",In stock (3 available)
1,Books,Girl With a Pearl Earring,£26.77,£0.00,5eff05e59f905a49,http://books.toscrape.com/media/cache/b1/5e/b15ec9da5c7b28e2d11347dd2e8c20e5.jpg,0,"[{'url': 'http://books.toscrape.com/media/cache/b1/5e/b15ec9da5c7b28e2d11347dd2e8c20e5.jpg', 'path': 'full/48ab71f20611be9f392363d1f2288c30f4a80d71.jpg', 'checksum': '49e8b3682d66d1f36e70f0296ae858e6'}]",In stock (4 available)
5,Books,The Passion of Dolssa,£28.32,£0.00,011674f4a3834b8d,http://books.toscrape.com/media/cache/b3/59/b35975c0df26c40964028a8ccabc9a91.jpg,0,"[{'url': 'http://books.toscrape.com/media/cache/b3/59/b35975c0df26c40964028a8ccabc9a91.jpg', 'path': 'full/0b8d193eeb4c5ab18ee804d1b4641b1298bf7042.jpg', 'checksum': '307f357b72b90891813a954d08c5fd14'}]",In stock (4 available)
4,Books,World Without End (The Pillars of the Earth #2),£32.97,£0.00,2e5b4ff08a75fd02,http://books.toscrape.com/media/cache/58/b5/58b5730dd82cbcf6560cf0ab8b56cd9f.jpg,0,"[{'url': 'http://books.toscrape.com/media/cache/58/b5/58b5730dd82cbcf6560cf0ab8b56cd9f.jpg', 'path': 'full/de9489b28233e9dbbcdc8be69ad983edff984600.jpg', 'checksum': '921b7c9d62778f94c2eb3e8911165a30'}]",In stock (5 available)
2,Books,The Last Painting of Sara de Vos,£55.55,£0.00,476c7972e9b41891,http://books.toscrape.com/media/cache/1c/e4/1ce4c2573d65ebdc3c85d9a6592d57b1.jpg,0,"[{'url': 'http://books.toscrape.com/media/cache/1c/e4/1ce4c2573d65ebdc3c85d9a6592d57b1.jpg', 'path': 'full/d13efc4b7d35dea5ecb78522b323bc432c32c1e1.jpg', 'checksum': 'b6e30ff9f7cbd327b85842ba3e3fa361'}]",In stock (3 available)
5,Books,The Red Tent,£35.66,£0.00,3c456328b04a8ee8,http://books.toscrape.com/media/cache/15/59/155942710c3ae4bd4ed622df9a999b99.jpg,0,"[{'url': 'http://books.toscrape.com/media/cache/15/59/155942710c3ae4bd4ed622df9a999b99.jpg', 'path': 'full/a8a1d3e9eaf5c8515137d9b4d4eedc0bfafa85b8.jpg', 'checksum': 'bf1b0b5ca53be2b5c7a7a4de33cec684'}]",In stock (3 available)
2,Books,The Hound of the Baskervilles (Sherlock Holmes #5),£14.82,£0.00,6587f46697fc4443,http://books.toscrape.com/media/cache/9d/fe/9dfe2a73c6a1a1c09927c904de641ebf.jpg,0,"[{'url': 'http://books.toscrape.com/media/cache/9d/fe/9dfe2a73c6a1a1c09927c904de641ebf.jpg', 'path': 'full/f302a7f283c76cdb23f385440b10c51c237cf2e1.jpg', 'checksum': '43d011e16e1859ba3693e1cc72912f3e'}]",In stock (4 available)
2,Books,The Pilgrim's Progress,£50.26,£0.00,6053ddf69c967d5f,http://books.toscrape.com/media/cache/91/2a/912acfe6ee354d9d9bf3c1fa517c4252.jpg,0,"[{'url': 'http://books.toscrape.com/media/cache/91/2a/912acfe6ee354d9d9bf3c1fa517c4252.jpg', 'path': 'full/9a4bbeb26fcc1db82d2c401b50788aed856367e2.jpg', 'checksum': '76353959b509328c62d4b3c0baf75eea'}]",In stock (4 available)
1,Books,The Metamorphosis,£28.58,£0.00,93379e3a2072a01b,http://books.toscrape.com/media/cache/9b/33/9b33c3c40c8d27054a3edf96cbf6a2fb.jpg,0,"[{'url': 'http://books.toscrape.com/media/cache/9b/33/9b33c3c40c8d27054a3edf96cbf6a2fb.jpg', 'path': 'full/bc18a4cefa4b420b9a1deeee3e8a4e899943dd1a.jpg', 'checksum': 'c83b191bd007d8d39e0d365555738cf6'}]",In stock (5 available)
