rating,product_type,title,price,tax,upc,reviews,stock
star-rating Three,Books,A Light in the Attic,£51.77,£0.00,a897fe39b1053632,0,In stock (22 available)
star-rating Two,Books,It's Only the Himalayas,£45.17,£0.00,a22124811bfa8350,0,In stock (19 available)
star-rating Two,Books,Libertarianism for Beginners,£51.33,£0.00,a18a4f574854aced,0,In stock (19 available)
star-rating One,Books,Mesaerion: The Best Science Fiction Stories 1800-1849,£37.59,£0.00,e30f54cea9b38190,0,In stock (19 available)
star-rating Three,Books,"""Our Band Could Be Your Life: Scenes from the American Indie Underground, 1981-1991""",£57.25,£0.00,deda3e61b9514b83,0,In stock (19 available)
star-rating One,Books,Olio,£23.88,£0.00,feb7cc7701ecf901,0,In stock (19 available)
star-rating Five,Books,Scott Pilgrim's Precious Little Life (Scott Pilgrim #1),£52.29,£0.00,3b1c02bac2a429e6,0,In stock (19 available)
star-rating Five,Books,Rip it Up and Start Again,£35.02,£0.00,a34ba96d4081e6a4,0,In stock (19 available)
star-rating Four,Books,Shakespeare's Sonnets,£20.66,£0.00,30a7f60cd76ca58c,0,In stock (19 available)
star-rating Two,Books,"""Starving Hearts (Triangular Trade Trilogy, #1)""",£13.99,£0.00,0312262ecafa5a40,0,In stock (19 available)
star-rating Five,Books,Set Me Free,£17.46,£0.00,ce6396b0f23f6ecc,0,In stock (19 available)
star-rating One,Books,The Black Maria,£52.15,£0.00,1dfe412b8ac00530,0,In stock (19 available)
star-rating Four,Books,The Boys in the Boat: Nine Americans and Their Epic Quest for Gold at the 1936 Berlin Olympics,£22.60,£0.00,e10e1e165dc8be4a,0,In stock (19 available)
star-rating Three,Books,"""The Coming Woman: A Novel Based on the Life of the Infamous Feminist, Victoria Woodhull""",£17.93,£0.00,e72a5dfc7e9267b2,0,In stock (19 available)
star-rating Four,Books,The Dirty Little Secrets of Getting Your Dream Job,£33.34,£0.00,2597b5a345f45e1b,0,In stock (19 available)
star-rating One,Books,The Requiem Red,£22.65,£0.00,f77dbf2323deb740,0,In stock (19 available)
star-rating Five,Books,Sapiens: A Brief History of Humankind,£54.23,£0.00,4165285e1663650f,0,In stock (20 available)
star-rating One,Books,Amid the Chaos,£36.58,£0.00,bb8245f52c7cce8f,0,In stock (15 available)
star-rating Five,Books,Dark Notes,£19.19,£0.00,88c21fcd38e2486e,0,In stock (15 available)
star-rating One,Books,The Long Shadow of Small Ghosts: Murder and Memory in an American City,£10.97,£0.00,abeafe151a587d3b,0,In stock (15 available)
star-rating Five,Books,"""1,000 Places to See Before You Die""",£26.08,£0.00,228ba5e7577e1d49,0,In stock (1 available)
star-rating Three,Books,Neither Here nor There: Travels in Europe,£38.95,£0.00,747cf7fca2ccdbd4,0,In stock (3 available)
star-rating One,Books,The Road to Little Dribbling: Adventures of an American in Britain (Notes From a Small Island #2),£23.21,£0.00,366a236aa1ea6f07,0,In stock (3 available)
star-rating Four,Books,A Year in Provence (Provence #1),£56.88,£0.00,9e60929f521fa280,0,In stock (6 available)
star-rating Three,Books,"""The Bulletproof Diet: Lose up to a Pound a Day, Reclaim Energy and Focus, Upgrade Your Life""",£49.05,£0.00,43c6a960757cf559,0,In stock (16 available)
star-rating One,Books,Equal Is Unfair: America's Misguided Fight Against Income Inequality,£56.86,£0.00,3968e3fbf4695d7c,0,In stock (12 available)
star-rating Four,Books,Why the Right Went Wrong: Conservatism--From Goldwater to the Tea Party and Beyond,£52.65,£0.00,2b5054a4192e9b06,0,In stock (14 available)
star-rating One,Books,We Are All Completely Beside Ourselves,£24.04,£0.00,be3db344a845580b,0,In stock (3 available)
star-rating One,Books,The Girl You Left Behind (The Girl You Left Behind #1),£15.79,£0.00,eb7459e0c570251d,0,In stock (6 available)
star-rating Five,Books,The Four Agreements: A Practical Guide to Personal Freedom,£17.66,£0.00,6258a1f6a6dcfe50,0,In stock (18 available)
star-rating Five,Books,Someone Like You (The Harrisons #2),£52.79,£0.00,a278db6b2b09cf9f,0,In stock (14 available)
star-rating One,Books,When We Collided,£31.77,£0.00,3ecb690d1542c568,0,In stock (16 available)
star-rating Two,Books,Unreasonable Hope: Finding Faith in the God Who Brings Purpose to Your Pain,£46.33,£0.00,48cb52d78c992487,0,In stock (7 available)
star-rating Five,Books,A New Earth: Awakening to Your Life's Purpose,£55.65,£0.00,f6ae39568db1130e,0,In stock (4 available)
star-rating One,Books,If I Gave You God's Phone Number....: Searching for Spirituality in America,£20.91,£0.00,8fab4c4f6f82a4ce,0,In stock (9 available)
star-rating Two,Books,Chasing Heaven: What Dying Taught Me About Living,£37.80,£0.00,513271dadc1322ae,0,In stock (15 available)
star-rating Five,Books,The Activist's Tao Te Ching: Ancient Advice for a Modern Revolution,£32.24,£0.00,7d6d2a6c0276f81b,0,In stock (16 available)
star-rating Five,Books,All the Light We Cannot See,£29.87,£0.00,39861fc1c0845d15,0,In stock (14 available)
star-rating Five,Books,How to Stop Worrying and Start Living,£46.49,£0.00,e792c0969cefe1b8,0,In stock (6 available)
star-rating One,Books,Blue Like Jazz: Nonreligious Thoughts on Christian Spirituality,£25.77,£0.00,a322361a37a78d3d,0,In stock (7 available)
star-rating Three,Books,You Are a Badass: How to Stop Doubting Your Greatness and Start Living an Awesome Life,£12.08,£0.00,88ec621893e595d0,0,In stock (7 available)
star-rating One,Books,How to Be Miserable: 40 Strategies You Already Use,£46.03,£0.00,a6f99b9e687f9d46,0,In stock (16 available)
star-rating Three,Books,"""Overload: How to Unplug, Unwind, and Unleash Yourself from the Pressure of Stress""",£52.15,£0.00,8ecf0356a3878811,0,In stock (14 available)
star-rating Two,Books,Logan Kade (Fallen Crest High #5.5),£13.12,£0.00,7093cf549cd2e7de,0,In stock (5 available)
star-rating Two,Books,Crazy Love: Overwhelmed by a Relentless God,£47.72,£0.00,4b9d9cfe0f435788,0,In stock (14 available)
star-rating One,Books,Online Marketing for Busy Authors: A Step-By-Step Guide,£46.35,£0.00,9ffa38d3b832433a,0,In stock (16 available)
star-rating Five,Books,(Un)Qualified: How God Uses Broken People to Do Big Things,£54.00,£0.00,e4ac92d89b946781,0,In stock (16 available)
star-rating Five,Books,The Art and Science of Low Carbohydrate Living,£52.98,£0.00,f9c87ccb2bc4853b,0,In stock (9 available)
star-rating Five,Books,10-Day Green Smoothie Cleanse: Lose Up to 15 Pounds in 10 Days!,£49.71,£0.00,96aa539bfd4c07e2,0,In stock (10 available)
star-rating Three,Books,Silence in the Dark (Logan Point #4),£58.33,£0.00,e46a164cf310fd7d,0,In stock (8 available)
star-rating One,Books,The Grownup,£35.88,£0.00,1bba4b1ba23ed2d6,0,In stock (8 available)
star-rating Five,Books,Suzie Snowflake: One beautiful flake (a self-esteem story),£54.81,£0.00,0e095ed785af7e43,0,In stock (9 available)
star-rating Two,Books,A Summer In Europe,£44.34,£0.00,cc1936a9f4e93477,0,In stock (7 available)
star-rating One,Books,The Great Railway Bazaar,£30.54,£0.00,48736df57e7bec9f,0,In stock (6 available)
star-rating Two,Books,Vagabonding: An Uncommon Guide to the Art of Long-Term World Travel,£36.94,£0.00,1809259a5a5f1d8d,0,In stock (8 available)
star-rating Three,Books,Under the Tuscan Sun,£37.33,£0.00,a94350ee74deaa07,0,In stock (7 available)
star-rating Three,Books,See America: A Celebration of Our National Parks &amp; Treasured Sites,£48.87,£0.00,f9705c362f070608,0,In stock (14 available)
star-rating Four,Books,Full Moon over Noah’s Ark: An Odyssey to Mount Ararat and Beyond,£49.43,£0.00,ce60436f52c5ee68,0,In stock (15 available)
star-rating One,Books,Tipping the Velvet,£53.74,£0.00,90fa61229261140a,0,In stock (20 available)
star-rating Four,Books,Sharp Objects,£47.82,£0.00,e00eb4fd7b871a48,0,In stock (20 available)
star-rating One,Books,Soumission,£50.10,£0.00,6957f44c3847a760,0,In stock (20 available)
star-rating Two,Books,"""Eat Fat, Get Thin""",£54.07,£0.00,047dfa57ba0bf638,0,In stock (14 available)
star-rating Two,Books,Louisa: The Extraordinary Life of Mrs. Adams,£16.85,£0.00,d69dd8dac66f9f84,0,In stock (15 available)
star-rating One,Books,In Her Wake,£12.84,£0.00,23356462d1320d61,0,In stock (19 available)
star-rating Five,Books,Redeeming Love,£20.47,£0.00,b53db2271c9624f7,0,In stock (15 available)
star-rating Five,Books,Counted With the Stars (Out from Egypt #1),£17.97,£0.00,4807043b8218e9ce,0,In stock (7 available)
star-rating Four,Books,If I Run (If I Run #1),£49.97,£0.00,61569d12d4ae7161,0,In stock (3 available)
star-rating Five,Books,Shadows of the Past (Logan Point #1),£39.67,£0.00,bee6e93e9976f4fa,0,In stock (8 available)
star-rating Two,Books,Rework,£44.88,£0.00,8e9dd8431170c09e,0,In stock (3 available)
star-rating Four,Books,Close to You,£49.46,£0.00,a57b1dcbd6849222,0,In stock (15 available)
star-rating Two,Books,Like Never Before (Walker Family #2),£28.77,£0.00,b6670507e85b30e6,0,In stock (7 available)
star-rating One,Books,The Long Haul (Diary of a Wimpy Kid #9),£44.07,£0.00,f21effc079a2b38a,0,In stock (14 available)
star-rating Three,Books,"""Foolproof Preserving: A Guide to Small Batch Jams, Jellies, Pickles, Condiments, and More: A Foolproof Guide to Making Small Batch Jams, Jellies, Pickles, Condiments, and More""",£30.52,£0.00,5674a18a29a43ced,0,In stock (19 available)
star-rating One,Books,The Golden Condom: And Other Essays on Love Lost and Found,£39.43,£0.00,235fa48eeed11d82,0,In stock (12 available)
star-rating One,Books,The Lucifer Effect: Understanding How Good People Turn Evil,£10.40,£0.00,4e812d32d64e2431,0,In stock (14 available)
star-rating Five,Books,A Heartbreaking Work of Staggering Genius,£54.29,£0.00,c9770bb1d5a492a0,0,In stock (3 available)
star-rating Five,Books,Life Without a Recipe,£59.04,£0.00,c53d9fefcda371e9,0,In stock (3 available)
star-rating Two,Books,Lust &amp; Wonder,£11.87,£0.00,0dcadb06206abd3c,0,In stock (3 available)
star-rating Two,Books,Me Talk Pretty One Day,£57.60,£0.00,abc4a7ee16c21088,0,In stock (3 available)
star-rating Two,Books,Without Borders (Wanderlove #1),£45.07,£0.00,acddfeab2a407640,0,In stock (16 available)
star-rating Three,Books,Unicorn Tracks,£18.78,£0.00,7ae099f3898e0209,0,In stock (16 available)
star-rating Four,Books,Wall and Piece,£44.18,£0.00,ccd9ffa25efabdea,0,In stock (18 available)
star-rating Five,Books,Off Sides (Off #1),£39.45,£0.00,b6f1cfadc4dd79d4,0,In stock (1 available)
star-rating One,Books,The Torch Is Passed: A Harding Family Story,£19.09,£0.00,4eed62cf5f8d8edf,0,In stock (16 available)
star-rating Three,Books,Shameless,£58.35,£0.00,c068c013d6921fea,0,In stock (1 available)
star-rating Five,Books,The Hook Up (Game On #1),£36.29,£0.00,6e473eff459e809f,0,In stock (1 available)
star-rating One,Books,The Matchmaker's Playbook (Wingmen Inc. #1),£55.85,£0.00,08db62f24627e71f,0,In stock (15 available)
star-rating Five,Books,Worlds Elsewhere: Journeys Around Shakespeare’s Globe,£40.30,£0.00,4c28def39d850cdf,0,In stock (18 available)
star-rating Three,Books,The Bridge to Consciousness: I'm Writing the Bridge Between Science and Our Old and New Beliefs.,£32.00,£0.00,efc3768127714ec3,0,In stock (15 available)
star-rating Five,Books,Ways of Seeing,£39.51,£0.00,66a4e422b212726a,0,In stock (1 available)
star-rating Five,Books,The Book of Basketball: The NBA According to The Sports Guy,£44.84,£0.00,08decd9664e5d56e,0,In stock (3 available)
star-rating Four,Books,The Kite Runner,£41.82,£0.00,eac1a180047ad54e,0,In stock (15 available)
star-rating Two,Books,The Girl on the Train,£55.02,£0.00,e956d67c9bcc5809,0,In stock (15 available)
star-rating Two,Books,The Psychopath Test: A Journey Through the Madness Industry,£36.00,£0.00,e98a4efa85070c2f,0,In stock (15 available)
star-rating Two,Books,So You've Been Publicly Shamed,£12.23,£0.00,1b33663ad7b95fd8,0,In stock (15 available)
star-rating One,Books,The Genius of Birds,£17.24,£0.00,42d0d7c92b75fc1c,0,In stock (15 available)
star-rating Five,Books,The Artist's Way: A Spiritual Path to Higher Creativity,£38.49,£0.00,dd047728de72ad62,0,In stock (15 available)
star-rating Two,Books,The Omnivore's Dilemma: A Natural History of Four Meals,£38.21,£0.00,209adad1015af86f,0,In stock (15 available)
star-rating Two,Books,The Power of Now: A Guide to Spiritual Enlightenment,£43.54,£0.00,8ec14b1576cb7cb5,0,In stock (15 available)
star-rating One,Books,Algorithms to Live By: The Computer Science of Human Decisions,£30.81,£0.00,38d45839cb1c83c1,0,In stock (16 available)
star-rating Five,Books,Call the Nurse: True Stories of a Country Nurse on a Scottish Isle,£29.14,£0.00,bee3672891cca906,0,In stock (16 available)
star-rating Two,Books,Reskilling America: Learning to Labor in the Twenty-First Century,£19.83,£0.00,d7310206583a54b6,0,In stock (16 available)
star-rating Four,Books,In the Country We Love: My Family Divided,£22.00,£0.00,b136b1b180ca753a,0,In stock (16 available)
star-rating Two,Books,Everydata: The Misinformation Hidden in the Little Data You Consume Every Day,£54.35,£0.00,311c0dd0e354a33e,0,In stock (16 available)
star-rating Four,Books,Spark Joy: An Illustrated Master Class on the Art of Organizing and Tidying Up,£41.83,£0.00,87b0615b6e1f4d7b,0,In stock (16 available)
star-rating One,Books,The Electric Pencil: Drawings from Inside State Hospital No. 3,£56.06,£0.00,a30b270e25489e5c,0,In stock (16 available)
star-rating One,Books,The Gutsy Girl: Escapades for Your Life of Epic Adventure,£37.13,£0.00,acd86a5426e21ca0,0,In stock (16 available)
star-rating Three,Books,The Life-Changing Magic of Tidying Up: The Japanese Art of Decluttering and Organizing,£16.77,£0.00,0da9aa9d24677fc0,0,In stock (16 available)
star-rating Two,Books,The Emerald Mystery,£23.15,£0.00,d6670dfe3e7b42bd,0,In stock (15 available)
star-rating Three,Books,Throwing Rocks at the Google Bus: How Growth Became the Enemy of Prosperity,£31.12,£0.00,7858914fad68493c,0,In stock (16 available)
star-rating Two,Books,Reasons to Stay Alive,£26.41,£0.00,c8f7f0cb1abb9cac,0,In stock (17 available)
star-rating Four,Books,"""Unseen City: The Majesty of Pigeons, the Discreet Charm of Snails &amp; Other Wonders of the Urban Wilderness""",£44.18,£0.00,d170b5a0da46380e,0,In stock (16 available)
star-rating Five,Books,#HigherSelfie: Wake Up Your Life. Free Your Soul. Find Your Tribe.,£23.11,£0.00,c27f6e1f185b0383,0,In stock (17 available)
star-rating Four,Books,The Secret (The Secret #1),£27.37,£0.00,961f18db4f138211,0,In stock (15 available)
star-rating Three,Books,The Five Love Languages: How to Express Heartfelt Commitment to Your Mate,£31.05,£0.00,3c039985229453bf,0,In stock (18 available)
star-rating One,Books,Thirteen Reasons Why,£52.72,£0.00,bc2a85fd35fdc7bd,0,In stock (15 available)
star-rating Three,Books,Tracing Numbers on a Train,£41.60,£0.00,d7d6d50c1e3d0b81,0,In stock (15 available)
star-rating Five,Books,"""A Piece of Sky, a Grain of Rice: A Memoir in Four Meditations""",£56.76,£0.00,8a380641491d43ed,0,In stock (16 available)
star-rating Two,Books,Soul Reader,£39.58,£0.00,e6af5bf1163c1151,0,In stock (16 available)
star-rating One,Books,A World of Flavor: Your Gluten Free Passport,£42.95,£0.00,70ed59f194b3c556,0,In stock (16 available)
star-rating Five,Books,"""The Inefficiency Assassin: Time Management Tactics for Working Smarter, Not Longer""",£20.59,£0.00,8c9e6bf2467d740d,0,In stock (16 available)
star-rating Two,Books,Maude (1883-1993):She Grew Up with the country,£18.02,£0.00,094b269567e1c300,0,In stock (18 available)
star-rating Two,Books,Bossypants,£49.46,£0.00,74baabfc8fd84b38,0,In stock (16 available)
star-rating Three,Books,Penny Maybe,£33.29,£0.00,668fe56b17cfcd4f,0,In stock (18 available)
star-rating Three,Books,Aladdin and His Wonderful Lamp,£53.13,£0.00,904208d6aa64b655,0,In stock (19 available)
star-rating Three,Books,America's Cradle of Quarterbacks: Western Pennsylvania's Football Factory from Johnny Unitas to Joe Montana,£22.50,£0.00,c7d160c2c0de586f,0,In stock (19 available)
star-rating Two,Books,Three Wishes (River of Time: California #1),£44.18,£0.00,460f97a346b44bac,0,In stock (1 available)
star-rating Four,Books,Having the Barbarian's Baby (Ice Planet Barbarians #7.5),£34.96,£0.00,6717a70913b3db79,0,In stock (1 available)
star-rating Two,Books,The Last Girl (The Dominion Trilogy #1),£36.26,£0.00,16c71736dae78764,0,In stock (1 available)
star-rating One,Books,Dune (Dune #1),£54.86,£0.00,36d5884d44484277,0,In stock (3 available)
star-rating One,Books,Do Androids Dream of Electric Sheep? (Blade Runner #1),£51.48,£0.00,98330e431e56a9ea,0,In stock (3 available)
star-rating Two,Books,"""Life, the Universe and Everything (Hitchhiker's Guide to the Galaxy #3)""",£33.26,£0.00,4b3f4f151c99f472,0,In stock (3 available)
star-rating One,Books,Sleeping Giants (Themis Files #1),£48.74,£0.00,f435aa99d864077d,0,In stock (11 available)
star-rating Two,Books,Soft Apocalypse,£26.12,£0.00,2a70769cdc6eb8b8,0,In stock (15 available)
star-rating One,Books,The Project,£10.65,£0.00,790ef197c8f236f5,0,In stock (15 available)
star-rating Four,Books,Ready Player One,£19.07,£0.00,2ef5dc7e278e562a,0,In stock (3 available)
star-rating One,Books,The Restaurant at the End of the Universe (Hitchhiker's Guide to the Galaxy #2),£10.92,£0.00,0e92ccf1bd39e68f,0,In stock (3 available)
star-rating Five,Books,Join,£35.67,£0.00,18ad3ed896c7ce05,0,In stock (16 available)
star-rating Four,Books,Icing (Aces Hockey #2),£40.44,£0.00,3455b45888fb5053,0,In stock (1 available)
star-rating Two,Books,Settling the Score (The Summer Games #1),£44.91,£0.00,132adf7335bb384a,0,In stock (1 available)
star-rating One,Books,Sugar Rush (Offensive Line #2),£24.42,£0.00,ce42e3de94226b2b,0,In stock (2 available)
star-rating Three,Books,"""Friday Night Lights: A Town, a Team, and a Dream""",£51.22,£0.00,a9aa3ed5b316470b,0,In stock (3 available)
star-rating Four,Books,"""William Shakespeare's Star Wars: Verily, A New Hope (William Shakespeare's Star Wars #4)""",£43.30,£0.00,9270575728a13a61,0,In stock (15 available)
star-rating Three,Books,Forever Rockers (The Rocker #12),£28.80,£0.00,e564c3f1a93ccf2e,0,In stock (1 available)
star-rating Two,Books,Old Records Never Die: One Man's Quest for His Vinyl and His Past,£55.66,£0.00,a1985630339f4b3d,0,In stock (1 available)
star-rating Five,Books,Life,£31.58,£0.00,637e5a45062aa548,0,In stock (2 available)
star-rating One,Books,This Is Your Brain on Music: The Science of a Human Obsession,£38.40,£0.00,bc209a900101f28d,0,In stock (5 available)
star-rating Three,Books,"""Orchestra of Exiles: The Story of Bronislaw Huberman, the Israel Philharmonic, and the One Thousand Jews He Saved from Nazi Horrors""",£12.36,£0.00,2ba5ccc84d35006c,0,In stock (4 available)
star-rating Five,Books,No One Here Gets Out Alive,£20.02,£0.00,3a95f5a2df4ff921,0,In stock (4 available)
star-rating One,Books,Foundation (Foundation (Publication Order) #1),£32.42,£0.00,3fc124f59f3068e4,0,In stock (5 available)
star-rating Four,Books,Arena,£21.36,£0.00,2c34f9432069b52b,0,In stock (11 available)
star-rating Two,Books,"""Chronicles, Vol. 1""",£52.60,£0.00,4781b6bfd6f7a2c5,0,In stock (7 available)
star-rating Five,Books,Kill 'Em and Leave: Searching for James Brown and the American Soul,£45.05,£0.00,39eefec3a8498dde,0,In stock (8 available)
star-rating Four,Books,Please Kill Me: The Uncensored Oral History of Punk,£31.19,£0.00,4a823d80aa30dbb0,0,In stock (8 available)
star-rating One,Books,Love Is a Mix Tape (Music #1),£18.03,£0.00,adb5f51c2e2ab13f,0,In stock (14 available)
star-rating Two,Books,The Art Book,£32.34,£0.00,4b8fa561a1e52d1c,0,In stock (7 available)
star-rating Four,Books,The Story of Art,£41.14,£0.00,9147c5251cc99eb1,0,In stock (7 available)
star-rating Four,Books,History of Beauty,£10.29,£0.00,8a150fd8ff5d7686,0,In stock (8 available)
star-rating Two,Books,How Music Works,£37.32,£0.00,327f68a59745c102,0,In stock (19 available)
star-rating Three,Books,The New Drawing on the Right Side of the Brain,£43.02,£0.00,3eec766dda26fa64,0,In stock (8 available)
star-rating Four,Books,Art and Fear: Observations on the Perils (and Rewards) of Artmaking,£48.63,£0.00,d6d9ffea95f2f8bf,0,In stock (9 available)
star-rating Three,Books,Feathers: Displays of Brilliant Plumage,£49.05,£0.00,9194ae88379dbf1a,0,In stock (14 available)
star-rating One,Books,A Brush of Wings (Angels Walking #3),£55.51,£0.00,01a177623cce9596,0,In stock (14 available)
star-rating Two,Books,A People's History of the United States,£40.79,£0.00,1ad06aed9349af46,0,In stock (14 available)
star-rating One,Books,The Midnight Watch: A Novel of the Titanic and the Californian,£26.20,£0.00,14e44163678e24dc,0,In stock (12 available)
star-rating Four,Books,Rook,£37.86,£0.00,44d97b6707dae3f0,0,In stock (13 available)
star-rating Two,Books,"""A Series of Catastrophes and Miracles: A True Story of Love, Science, and Cancer""",£56.48,£0.00,c1379d3744f1dd2c,0,In stock (14 available)
star-rating Two,Books,Angels Walking (Angels Walking #1),£34.20,£0.00,1fbb5f786e53a0ce,0,In stock (14 available)
star-rating Four,Books,Cell,£20.29,£0.00,bfbb54bc8cdeed2b,0,In stock (14 available)
star-rating Four,Books,Code Name Verity (Code Name Verity #1),£22.13,£0.00,33a3e0e3ffde0dcd,0,In stock (14 available)
star-rating Two,Books,More Than Music (Chasing the Dream #1),£37.61,£0.00,47d47155e89c8be7,0,In stock (14 available)
star-rating Five,Books,Modern Romance,£28.26,£0.00,caf4fe9311f1dc59,0,In stock (15 available)
star-rating Two,Books,The Immortal Life of Henrietta Lacks,£40.67,£0.00,f72f61ad6a5f12ed,0,In stock (14 available)
star-rating One,Books,The Dovekeepers,£48.78,£0.00,3d76bc83c6b644c9,0,In stock (14 available)
star-rating Five,Books,The White Queen (The Cousins' War #1),£25.91,£0.00,6875c5657661b2fb,0,In stock (14 available)
star-rating Five,Books,The Song of Achilles,£37.40,£0.00,e88fb1c9397cfb27,0,In stock (14 available)
star-rating Three,Books,"""Shobu Samurai, Project Aryoku (#3)""",£29.06,£0.00,0c27e6c3744fc14b,0,In stock (15 available)
star-rating Two,Books,Judo: Seven Steps to Black Belt (an Introductory Guide for Beginners),£53.90,£0.00,228f74b74f3a08ae,0,In stock (16 available)
star-rating Three,Books,On a Midnight Clear,£14.07,£0.00,b757c0c361e689ce,0,In stock (16 available)
star-rating Three,Books,The Art Forger,£40.76,£0.00,80cfab6bcff3a244,0,In stock (16 available)
star-rating Five,Books,King's Folly (The Kinsman Chronicles #1),£39.61,£0.00,4c82371b8cd02d4d,0,In stock (7 available)
star-rating Three,Books,A Shard of Ice (The Black Symphony Saga #1),£56.63,£0.00,63d5f1651880dcea,0,In stock (9 available)
star-rating Four,Books,"""The Mindfulness and Acceptance Workbook for Anxiety: A Guide to Breaking Free from Anxiety, Phobias, and Worry Using Acceptance and Commitment Therapy""",£23.89,£0.00,31075275518532d7,0,In stock (16 available)
star-rating Three,Books,The Mistake (Off-Campus #2),£43.29,£0.00,99ff4cc6491e8f5c,0,In stock (15 available)
star-rating One,Books,Searching for Meaning in Gailana,£38.73,£0.00,2f0213137a80d485,0,In stock (13 available)
star-rating Four,Books,City of Glass (The Mortal Instruments #3),£56.02,£0.00,966ebb738e0f9d9b,0,In stock (14 available)
star-rating Five,Books,The Star-Touched Queen,£32.30,£0.00,4a7a25be293ad678,0,In stock (12 available)
star-rating One,Books,Hollow City (Miss Peregrine’s Peculiar Children #2),£42.98,£0.00,4ce91d31c1e57c33,0,In stock (15 available)
star-rating One,Books,The Glittering Court (The Glittering Court #1),£44.28,£0.00,2dbb7ec08cdd7f3c,0,In stock (15 available)
star-rating Three,Books,Throne of Glass (Throne of Glass #1),£35.07,£0.00,590a9cccf7db9f7d,0,In stock (15 available)
star-rating Five,Books,Demigods &amp; Magicians: Percy and Annabeth Meet the Kanes (Percy Jackson &amp; Kane Chronicles Crossover #1-3),£37.51,£0.00,3c6fe637a0180b01,0,In stock (14 available)
star-rating One,Books,Island of Dragons (Unwanteds #7),£29.65,£0.00,2b52334fab158861,0,In stock (14 available)
star-rating Four,Books,The Bane Chronicles (The Bane Chronicles #1-11),£44.73,£0.00,dc6f688b82e42a5b,0,In stock (14 available)
star-rating Five,Books,The Star-Touched Queen,£46.02,£0.00,1528279aec1f3dce,0,In stock (14 available)
star-rating Two,Books,The Hidden Oracle (The Trials of Apollo #1),£52.26,£0.00,992974ba6a0536ea,0,In stock (14 available)
star-rating Two,Books,"""Avatar: The Last Airbender: Smoke and Shadow, Part 3 (Smoke and Shadow #3)""",£28.09,£0.00,6d5300b2d8f37e07,0,In stock (16 available)
star-rating One,Books,A Court of Thorns and Roses (A Court of Thorns and Roses #1),£52.37,£0.00,01d2001ac1e6f8a3,0,In stock (16 available)
star-rating Four,Books,Twenty Love Poems and a Song of Despair,£30.95,£0.00,e63c3f25338baf9a,0,In stock (1 available)
star-rating Three,Books,Crown of Midnight (Throne of Glass #2),£43.29,£0.00,7267864328ae8b9d,0,In stock (16 available)
star-rating Five,Books,Booked,£17.49,£0.00,b54d7416bb445989,0,In stock (5 available)
star-rating Five,Books,Princess Between Worlds (Wide-Awake Princess #5),£13.34,£0.00,0e691eda369f4e09,0,In stock (16 available)
star-rating Two,Books,Masks and Shadows,£56.40,£0.00,fa9610a50a1bf149,0,In stock (16 available)
star-rating Three,Books,"""Saga, Volume 6 (Saga (Collected Editions) #6)""",£25.02,£0.00,c849f0b2f5d6a742,0,In stock (16 available)
star-rating Four,Books,The Crossover,£38.77,£0.00,b228042c088b1913,0,In stock (5 available)
star-rating Five,Books,The Collected Poems of W.B. Yeats (The Collected Works of W.B. Yeats #1),£15.42,£0.00,3d250ab0f12be445,0,In stock (6 available)
star-rating Five,Books,"""Quarter Life Poetry: Poems for the Young, Broke and Hangry""",£50.89,£0.00,aa35446aab16017f,0,In stock (14 available)
star-rating Four,Books,salt.,£46.78,£0.00,86cbddb61ea78bb7,0,In stock (14 available)
star-rating Five,Books,Out of Print: City Lights Spotlight No. 14,£53.64,£0.00,c0fc0cd215ee1724,0,In stock (8 available)
star-rating Two,Books,Howl and Other Poems,£40.45,£0.00,b7870fa6dc088fbb,0,In stock (8 available)
star-rating Five,Books,Leave This Song Behind: Teen Poetry at Its Best,£51.17,£0.00,b74ee891e2a6dd69,0,In stock (7 available)
star-rating Five,Books,Les Fleurs du Mal,£29.04,£0.00,c44c5e1425475206,0,In stock (8 available)
star-rating One,Books,Night Sky with Exit Wounds,£41.05,£0.00,cfeb1e1e0e695b58,0,In stock (15 available)
star-rating Four,Books,Poems That Make Grown Women Cry,£14.19,£0.00,31001a1210623bd4,0,In stock (15 available)
star-rating Four,Books,Seven Brief Lessons on Physics,£30.60,£0.00,281a244ce1954711,0,In stock (3 available)
star-rating Two,Books,"""Surely You're Joking, Mr. Feynman!: Adventures of a Curious Character""",£25.83,£0.00,61002f3b7ba5d780,0,In stock (3 available)
star-rating Five,Books,"""The Disappearing Spoon: And Other True Tales of Madness, Love, and the History of the World from the Periodic Table of the Elements""",£57.35,£0.00,63c0826ef59eae66,0,In stock (3 available)
star-rating One,Books,The Selfish Gene,£29.45,£0.00,6f2c0a9adbb2bca9,0,In stock (1 available)
star-rating Four,Books,Untitled Collection: Sabbath Poems 2014,£14.27,£0.00,657fe5ead67a7767,0,In stock (16 available)
star-rating Two,Books,You can't bury them all: Poems,£33.63,£0.00,55f9da0c5eea2e10,0,In stock (17 available)
star-rating Three,Books,Slow States of Collapse: Poems,£57.31,£0.00,b4fd5943413e089a,0,In stock (17 available)
star-rating Four,Books,"""The Elegant Universe: Superstrings, Hidden Dimensions, and the Quest for the Ultimate Theory""",£13.03,£0.00,c6bf14cb901c63ac,0,In stock (3 available)
star-rating Two,Books,Peak: Secrets from the New Science of Expertise,£16.28,£0.00,6036239d2ab349b7,0,In stock (5 available)
star-rating One,Books,Diary of a Citizen Scientist: Chasing Tiger Beetles and Other New Ways of Engaging the World,£28.41,£0.00,0c11e2d068768dbb,0,In stock (8 available)
star-rating One,Books,Tipping Point for Planet Earth: How Close Are We to the Edge?,£37.55,£0.00,148715df5a02ea5e,0,In stock (12 available)
star-rating One,Books,"""The Fabric of the Cosmos: Space, Time, and the Texture of Reality""",£55.91,£0.00,ca74f2e3c35a3e77,0,In stock (9 available)
star-rating Four,Books,The Origin of Species,£10.01,£0.00,0345872b14f9e774,0,In stock (7 available)
star-rating Four,Books,Sorting the Beef from the Bull: The Science of Food Fraud Forensics,£44.74,£0.00,3edcccc4f341fb1a,0,In stock (14 available)
star-rating Five,Books,Immunity: How Elie Metchnikoff Changed the Course of Modern Medicine,£57.36,£0.00,e4f74c16de34d440,0,In stock (16 available)
star-rating Three,Books,The Grand Design,£13.76,£0.00,3213b1f13f5f0f7c,0,In stock (5 available)
star-rating Two,Books,Stars Above (The Lunar Chronicles #4.5),£48.05,£0.00,b63ea3f7a57ae099,0,In stock (12 available)
star-rating Five,Books,The Epidemic (The Program 0.6),£14.44,£0.00,f732d7d18a91d2ba,0,In stock (12 available)
star-rating Four,Books,Aristotle and Dante Discover the Secrets of the Universe (Aristotle and Dante Discover the Secrets of the Universe #1),£58.14,£0.00,41164b8ac02a2c42,0,In stock (14 available)
star-rating Three,Books,Catching Jordan (Hundred Oaks),£50.83,£0.00,e2e7b683b4c15b7d,0,In stock (14 available)
star-rating Five,Books,The Darkest Lie,£35.35,£0.00,6edacfd1f8ebb9eb,0,In stock (14 available)
star-rating Two,Books,This Is Where It Ends,£27.12,£0.00,f0f38174a7e689a3,0,In stock (14 available)
star-rating One,Books,Don't Get Caught,£55.35,£0.00,ad2887ce04583910,0,In stock (14 available)
star-rating One,Books,My Kind of Crazy,£40.36,£0.00,137b0b2775701e11,0,In stock (14 available)
star-rating Two,Books,Until Friday Night (The Field Party #1),£46.31,£0.00,aba2db9afb1469c7,0,In stock (14 available)
star-rating Five,Books,Library of Souls (Miss Peregrine’s Peculiar Children #3),£48.56,£0.00,ba54932df84e8cea,0,In stock (15 available)
star-rating Four,Books,A Fierce and Subtle Poison,£28.13,£0.00,842790dfaa937484,0,In stock (16 available)
star-rating Two,Books,Wild Swans,£14.36,£0.00,3fb15ace50d6142b,0,In stock (14 available)
star-rating Three,Books,Burning,£28.81,£0.00,5ceb951f629700a2,0,In stock (16 available)
star-rating One,Books,"""Nightingale, Sing""",£38.28,£0.00,50b8f80311b31ede,0,In stock (15 available)
star-rating Five,Books,Frostbite (Vampire Academy #2),£29.99,£0.00,116a2fdc9a45bab0,0,In stock (15 available)
star-rating Five,Books,Scarlett Epstein Hates It Here,£43.55,£0.00,1c929cfd16b71907,0,In stock (15 available)
star-rating Two,Books,Obsidian (Lux #1),£14.86,£0.00,3c346ab1e76ae1f6,0,In stock (16 available)
star-rating Three,Books,The Natural History of Us (The Fine Art of Pretending #2),£45.22,£0.00,cedf82b5086e4691,0,In stock (16 available)
star-rating Four,Books,The Most Perfect Thing: Inside (and Outside) a Bird's Egg,£42.96,£0.00,aadee1c326d286e3,0,In stock (16 available)
star-rating One,Books,"""Vampire Knight, Vol. 1 (Vampire Knight #1)""",£15.40,£0.00,e7e87087b1a44711,0,In stock (1 available)
star-rating One,Books,8 Keys to Mental Health Through Exercise,£31.04,£0.00,f5873c8fc7760000,0,In stock (3 available)
star-rating Two,Books,Civilization and Its Discontents,£59.95,£0.00,396385e3de5d18c3,0,In stock (3 available)
star-rating Three,Books,An Unquiet Mind: A Memoir of Moods and Madness,£21.30,£0.00,46cb43c2ab133ccc,0,In stock (6 available)
star-rating Four,Books,Running with Scissors,£12.91,£0.00,28921443f052bea6,0,In stock (3 available)
star-rating Five,Books,Approval Junkie: Adventures in Caring Too Much,£58.81,£0.00,612369a5947a012e,0,In stock (5 available)
star-rating Three,Books,It Didn't Start with You: How Inherited Family Trauma Shapes Who We Are and How to End the Cycle,£56.27,£0.00,ce8666d9b42fc9a0,0,In stock (11 available)
star-rating One,Books,Lab Girl,£40.85,£0.00,825d6c44da3ca5a6,0,In stock (11 available)
star-rating One,Books,"""Thinking, Fast and Slow""",£21.14,£0.00,719d72f3ee512dc6,0,In stock (3 available)
star-rating Two,Books,Holidays on Ice,£51.07,£0.00,0cb4856be3694a57,0,In stock (3 available)
star-rating Five,Books,"""Lamb: The Gospel According to Biff, Christ's Childhood Pal""",£55.50,£0.00,190fbebbf798c31a,0,In stock (3 available)
star-rating One,Books,M Train,£27.18,£0.00,5569c3fea112718e,0,In stock (11 available)
star-rating Five,Books,When You Are Engulfed in Flames,£30.89,£0.00,dab0196cd5fc8e5e,0,In stock (3 available)
star-rating Five,Books,"""Hyperbole and a Half: Unfortunate Situations, Flawed Coping Mechanisms, Mayhem, and Other Things That Happened""",£14.75,£0.00,fbb21a2f71f4d981,0,In stock (14 available)
star-rating Three,Books,Naked,£31.69,£0.00,54aeeb4610d3ae08,0,In stock (3 available)
star-rating One,Books,Toddlers Are A**holes: It's Not Your Fault,£25.55,£0.00,4242cc3d0437db12,0,In stock (7 available)
star-rating Three,Books,Dress Your Family in Corduroy and Denim,£43.68,£0.00,7e9068872228c474,0,In stock (9 available)
star-rating Five,Books,Old School (Diary of a Wimpy Kid #10),£11.83,£0.00,02b74068fa98d8a4,0,In stock (14 available)
star-rating Five,Books,"""Naturally Lean: 125 Nourishing Gluten-Free, Plant-Based Recipes--All Under 300 Calories""",£11.38,£0.00,924438fc6cbec836,0,In stock (7 available)
star-rating Four,Books,I Know What I'm Doing -- and Other Lies I Tell Myself: Dispatches from a Life Under Construction,£25.98,£0.00,b8a8ff84233f0570,0,In stock (14 available)
star-rating Three,Books,Cravings: Recipes for What You Want to Eat,£20.50,£0.00,2587c54f5530dafc,0,In stock (11 available)
star-rating Two,Books,32 Yolks,£53.63,£0.00,b1a227b7609ff263,0,In stock (8 available)
star-rating Four,Books,"""The Moosewood Cookbook: Recipes from Moosewood Restaurant, Ithaca, New York""",£12.34,£0.00,65cfc9f242c2984a,0,In stock (9 available)
star-rating One,Books,"""A la Mode: 120 Recipes in 60 Pairings: Pies, Tarts, Cakes, Crisps, and More Topped with Ice Cream, Gelato, Frozen Custard, and More""",£38.77,£0.00,a4eef523118805ef,0,In stock (12 available)
star-rating Five,Books,Everyday Italian: 125 Simple and Delicious Recipes,£20.10,£0.00,76319fe9d8b465a3,0,In stock (12 available)
star-rating Two,Books,My Kitchen Year: 136 Recipes That Saved My Life,£11.53,£0.00,8bbd7df8a324f31d,0,In stock (13 available)
star-rating Five,Books,Barefoot Contessa at Home: Everyday Recipes You'll Make Over and Over Again,£50.62,£0.00,0e0da9192a025efc,0,In stock (14 available)
star-rating One,Books,Barefoot Contessa Back to Basics,£28.01,£0.00,999912e63a3262ae,0,In stock (14 available)
star-rating Three,Books,The Help Yourself Cookbook for Kids: 60 Easy Plant-Based Recipes Kids Can Make to Stay Healthy and Save the Earth,£28.77,£0.00,ddc8340dabc8641b,0,In stock (14 available)
star-rating One,Books,"""It's All Easy: Healthy, Delicious Weeknight Meals in under 30 Minutes""",£19.55,£0.00,245e6bf08b8d2955,0,In stock (14 available)
star-rating Three,Books,"""Deliciously Ella Every Day: Quick and Easy Recipes for Gluten-Free Snacks, Packed Lunches, and Simple Meals""",£42.16,£0.00,46c1530d7546ea6d,0,In stock (15 available)
star-rating Two,Books,The Love and Lemons Cookbook: An Apple-to-Zucchini Celebration of Impromptu Cooking,£37.60,£0.00,e28e330cbdf01126,0,In stock (15 available)
star-rating One,Books,The Cookies &amp; Cups Cookbook: 125+ sweet &amp; savory recipes reminding you to Always Eat Dessert First,£41.25,£0.00,96a38e7c813d8f1d,0,In stock (15 available)
star-rating One,Books,"""Layered: Baking, Building, and Styling Spectacular Cakes""",£40.11,£0.00,7b75cc7f223791f4,0,In stock (16 available)
star-rating Four,Books,"""Mama Tried: Traditional Italian Cooking for the Screwed, Crude, Vegan, and Tattooed""",£14.02,£0.00,72f9d5be3472d34e,0,In stock (16 available)
star-rating One,Books,House of Leaves,£54.89,£0.00,557c03c284be1bf2,0,In stock (3 available)
star-rating Two,Books,My Paris Kitchen: Recipes and Stories,£33.37,£0.00,784bc2279baa878d,0,In stock (16 available)
star-rating One,Books,"""The Pioneer Woman Cooks: Dinnertime: Comfort Classics, Freezer Food, 16-Minute Meals, and Other Delicious Ways to Solve Supper!""",£56.41,£0.00,142d767a56a9254d,0,In stock (16 available)
star-rating Five,Books,The Nerdy Nummies Cookbook: Sweet Treats for the Geek in All of Us,£37.34,£0.00,e4c7f3487d17fd42,0,In stock (15 available)
star-rating Three,Books,The Girl with All the Gifts,£49.47,£0.00,92dcc54a27107a37,0,In stock (3 available)
star-rating Four,Books,'Salem's Lot,£49.56,£0.00,6e9403f00acd6752,0,In stock (4 available)
star-rating Two,Books,The Stand,£57.86,£0.00,49f24193f0b961e6,0,In stock (3 available)
star-rating Five,Books,Dracula the Un-Dead,£35.63,£0.00,e46b1074b99ac4b6,0,In stock (5 available)
star-rating Three,Books,It,£25.01,£0.00,670a2773607d785d,0,In stock (4 available)
star-rating Two,Books,Misery,£34.79,£0.00,81d4191030b9704b,0,In stock (4 available)
star-rating Four,Books,Needful Things,£47.51,£0.00,70b585c9d0f15725,0,In stock (4 available)
star-rating Four,Books,Night Shift (Night Shift #1-20),£12.75,£0.00,869d20b3b8128230,0,In stock (4 available)
star-rating Three,Books,Red Dragon (Hannibal Lecter #1),£23.37,£0.00,e958ae92f328c181,0,In stock (5 available)
star-rating Five,Books,Psycho: Sanitarium (Psycho #1.5),£36.97,£0.00,b8d7b3f5c7a95d65,0,In stock (12 available)
star-rating One,Books,Can You Keep a Secret? (Fear Street Relaunch #4),£48.64,£0.00,d069086944f2e330,0,In stock (12 available)
star-rating Two,Books,Doctor Sleep (The Shining #2),£40.12,£0.00,bf5de316a5e9a4ab,0,In stock (14 available)
star-rating One,Books,Follow You Home,£21.36,£0.00,8585760646e3aa2a,0,In stock (15 available)
star-rating One,Books,The Loney,£23.40,£0.00,2d88a31f325dfd3b,0,In stock (14 available)
star-rating Two,Books,Catastrophic Happiness: Finding Joy in Childhood's Messy Years,£37.35,£0.00,ef49db2aaa9bb547,0,In stock (3 available)
star-rating Two,Books,"""House of Lost Worlds: Dinosaurs, Dynasties, and the Story of Life on Earth""",£43.70,£0.00,1812b8f5641287e3,0,In stock (3 available)
star-rating Two,Books,The Argonauts,£10.93,£0.00,c99761a700ade23f,0,In stock (15 available)
star-rating Two,Books,The Guns of August,£14.54,£0.00,b5da59dd177eb36b,0,In stock (3 available)
star-rating Two,Books,America's War for the Greater Middle East: A Military History,£51.22,£0.00,add33db6ff80db24,0,In stock (5 available)
star-rating Four,Books,Catherine the Great: Portrait of a Woman,£58.55,£0.00,f3c70d296ec796c4,0,In stock (6 available)
star-rating Four,Books,The Hiding Place,£55.91,£0.00,c4589ee5977a47be,0,In stock (5 available)
star-rating Five,Books,The Mathews Men: Seven Brothers and the War Against Hitler's U-boats,£42.91,£0.00,0d210d2448c3018f,0,In stock (5 available)
star-rating Five,Books,A Short History of Nearly Everything,£52.40,£0.00,6c7fa6844380f50a,0,In stock (7 available)
star-rating Two,Books,The Rise and Fall of the Third Reich: A History of Nazi Germany,£39.67,£0.00,774fa432bd7d9c47,0,In stock (6 available)
star-rating Five,Books,"""Most Blessed of the Patriarchs"": Thomas Jefferson and the Empire of the Imagination",£44.48,£0.00,f16c2edb2a603f92,0,In stock (8 available)
star-rating Three,Books,1491: New Revelations of the Americas Before Columbus,£21.80,£0.00,6e8e5626ac4d279e,0,In stock (14 available)
star-rating Three,Books,Zealot: The Life and Times of Jesus of Nazareth,£24.70,£0.00,dd5bfa6cc2c0ecc3,0,In stock (14 available)
star-rating Three,Books,A Distant Mirror: The Calamitous 14th Century,£14.58,£0.00,d5e0526e1ab682a3,0,In stock (14 available)
star-rating Three,Books,Brilliant Beacons: A History of the American Lighthouse,£11.45,£0.00,7f5157bf53065d36,0,In stock (8 available)
star-rating One,Books,Thomas Jefferson and the Tripoli Pirates: The Forgotten War That Changed American History,£59.64,£0.00,de3f25248ba0789f,0,In stock (15 available)
star-rating Two,Books,"""Political Suicide: Missteps, Peccadilloes, Bad Calls, Backroom Hijinx, Sordid Pasts, Rotten Breaks, and Just Plain Dumb Mistakes in the Annals of American Politics""",£36.28,£0.00,7392c0032f92d816,0,In stock (16 available)
star-rating One,Books,The Age of Genius: The Seventeenth Century and the Birth of the Modern Mind,£19.73,£0.00,a3d2a4250807f1e9,0,In stock (16 available)
star-rating Three,Books,Pet Sematary,£10.56,£0.00,af58a74e4b2a23a0,0,In stock (14 available)
star-rating Two,Books,Security,£39.25,£0.00,6f78a0d744c35456,0,In stock (16 available)
star-rating One,Books,"""Unbound: How Eight Technologies Made Us Human, Transformed Society, and Brought Our World to the Brink""",£25.52,£0.00,9a9d6e9bc555731e,0,In stock (16 available)
star-rating Five,Books,Fifty Shades Freed (Fifty Shades #3),£15.36,£0.00,ed813a848580ba50,0,In stock (3 available)
star-rating Three,Books,The Lean Startup: How Today's Entrepreneurs Use Continuous Innovation to Create Radically Successful Businesses,£33.92,£0.00,70c7c3ca7f9b2728,0,In stock (3 available)
star-rating One,Books,"""Rich Dad, Poor Dad""",£51.74,£0.00,8486f61aa81a3daa,0,In stock (7 available)
star-rating One,Books,The E-Myth Revisited: Why Most Small Businesses Don't Work and What to Do About It,£36.91,£0.00,a2308a936e898d48,0,In stock (8 available)
star-rating Five,Books,Born for This: How to Find the Work You Were Meant to Do,£21.59,£0.00,816180220e8cb419,0,In stock (11 available)
star-rating Five,Books,Made to Stick: Why Some Ideas Survive and Others Die,£38.85,£0.00,b96fc7a0ea7d4b45,0,In stock (14 available)
star-rating One,Books,Quench Your Own Thirst: Business Lessons Learned Over a Beer or Two,£43.14,£0.00,8976d9161c027142,0,In stock (12 available)
star-rating Two,Books,Shoe Dog: A Memoir by the Creator of NIKE,£23.99,£0.00,0e0dcc3339602b28,0,In stock (15 available)
star-rating Three,Books,Benjamin Franklin: An American Life,£48.19,£0.00,5b546a46a86a9d8c,0,In stock (7 available)
star-rating Three,Books,The Rise of Theodore Roosevelt (Theodore Roosevelt #1),£42.57,£0.00,1a5044d233936b1a,0,In stock (3 available)
star-rating Three,Books,The 10% Entrepreneur: Live Your Startup Dream Without Quitting Your Day Job,£27.55,£0.00,56e4f9eab2e8e674,0,In stock (15 available)
star-rating Five,Books,The Third Wave: An Entrepreneur’s Vision of the Future,£12.61,£0.00,3bebf34ee9330cbd,0,In stock (15 available)
star-rating One,Books,The Faith of Christopher Hitchens: The Restless Soul of the World's Most Notorious Atheist,£39.55,£0.00,57f85720e54d6442,0,In stock (7 available)
star-rating Two,Books,"""Setting the World on Fire: The Brief, Astonishing Life of St. Catherine of Siena""",£21.15,£0.00,b06599b108e83f98,0,In stock (11 available)
star-rating One,Books,The Travelers,£15.77,£0.00,2b685187f55c5d31,0,In stock (3 available)
star-rating Three,Books,The Bone Hunters (Lexy Vaughan &amp; Steven Macaulay #2),£59.71,£0.00,9c4d061c1e2fe6bf,0,In stock (4 available)
star-rating Two,Books,Give It Back,£18.32,£0.00,012170e4fc87ace0,0,In stock (6 available)
star-rating Four,Books,Killing Floor (Jack Reacher #1),£31.49,£0.00,8dde2ff3f6fcc0a3,0,In stock (5 available)
star-rating Two,Books,Far From True (Promise Falls Trilogy #2),£34.93,£0.00,ad15a9a139919918,0,In stock (4 available)
star-rating One,Books,The 14th Colony (Cotton Malone #11),£39.24,£0.00,1b8187fa4bf6ab05,0,In stock (14 available)
star-rating Two,Books,The Guilty (Will Robie #4),£13.82,£0.00,847935fc68707426,0,In stock (14 available)
star-rating Three,Books,The Art of Startup Fundraising,£21.00,£0.00,1c584f82a7a1c4f0,0,In stock (11 available)
star-rating Five,Books,You (You #1),£43.61,£0.00,024387ca4cafd5cc,0,In stock (14 available)
star-rating Five,Books,The Elephant Tree,£23.82,£0.00,5dada2b7be26bd03,0,In stock (18 available)
star-rating Four,Books,Behind Closed Doors,£52.22,£0.00,be5cc846f45496fb,0,In stock (18 available)
star-rating Two,Books,"""Don't Be a Jerk: And Other Practical Advice from Dogen, Japan's Greatest Zen Master""",£37.97,£0.00,fce19f9b4a943f22,0,In stock (16 available)
star-rating Four,Books,Choosing Our Religion: The Spiritual Lives of America's Nones,£28.42,£0.00,a812f6969ddf3e39,0,In stock (1 available)
star-rating Three,Books,The Bhagavad Gita,£57.49,£0.00,f3a0b8c835129558,0,In stock (1 available)
star-rating One,Books,"""A History of God: The 4,000-Year Quest of Judaism, Christianity, and Islam""",£27.62,£0.00,d12ca4020c2f602e,0,In stock (4 available)
star-rating Three,Books,The Book of Mormon,£24.57,£0.00,3f25a2fedae191cc,0,In stock (9 available)
star-rating Five,Books,God: The Most Unpleasant Character in All Fiction,£30.03,£0.00,eec424a84c9e4c68,0,In stock (14 available)
star-rating Four,Books,You Are What You Love: The Spiritual Power of Habit,£21.87,£0.00,796c87ddbbaaf8c5,0,In stock (15 available)
star-rating Four,Books,I Had a Nice Time And Other Lies...: How to find love &amp; sh*t like that,£57.36,£0.00,fd8585283fc7d2d7,0,In stock (15 available)
star-rating Three,Books,Birdsong: A Story in Pictures,£54.64,£0.00,9528d0948525bf5f,0,In stock (19 available)
star-rating One,Books,Bridget Jones's Diary (Bridget Jones #1),£29.82,£0.00,a2b4b685dfa94733,0,In stock (1 available)
star-rating Four,Books,The Edge of Reason (Bridget Jones #2),£19.18,£0.00,29fc016c459aeb14,0,In stock (1 available)
star-rating One,Books,I've Got Your Number,£19.69,£0.00,6b32b561dab8036c,0,In stock (3 available)
star-rating Five,Books,Sophie's World,£15.94,£0.00,6be3beb0793a53e7,0,In stock (18 available)
star-rating One,Books,Something Blue (Darcy &amp; Rachel #2),£54.62,£0.00,3fc9d51d1c4d6ba7,0,In stock (3 available)
star-rating One,Books,The Devil Wears Prada (The Devil Wears Prada #1),£44.29,£0.00,a6ab0cb7106a67f2,0,In stock (3 available)
star-rating Five,Books,Something Borrowed (Darcy &amp; Rachel #1),£48.96,£0.00,ac27ab4bcd9c492e,0,In stock (3 available)
star-rating Five,Books,Chase Me (Paris Nights #2),£25.27,£0.00,c2e46a2ee3b4a322,0,In stock (19 available)
star-rating Four,Books,The Undomestic Goddess,£45.75,£0.00,813cff2aefa5d1f0,0,In stock (3 available)
star-rating Five,Books,The Nanny Diaries (Nanny #1),£52.53,£0.00,6263c1d2997b8ce0,0,In stock (3 available)
star-rating Five,Books,Shopaholic Ties the Knot (Shopaholic #3),£48.39,£0.00,38199c5d7da0c0ef,0,In stock (4 available)
star-rating One,Books,Can You Keep a Secret?,£21.94,£0.00,0812f54c93d726ce,0,In stock (4 available)
star-rating Two,Books,Twenties Girl,£42.80,£0.00,8ebad30219b8679c,0,In stock (3 available)
star-rating Five,Books,Some Women,£13.73,£0.00,31f5bbf4974d29c9,0,In stock (4 available)
star-rating Two,Books,Meditations,£25.89,£0.00,4f19709e47883df5,0,In stock (1 available)
star-rating One,Books,Beyond Good and Evil,£43.38,£0.00,08672cd59171d5e4,0,In stock (1 available)
star-rating Four,Books,Delivering the Truth (Quaker Midwife Mystery #1),£20.89,£0.00,4e980425468708da,0,In stock (7 available)
star-rating Five,Books,The Bachelor Girl's Guide to Murder (Herringford and Watts Mysteries #1),£52.30,£0.00,20789fb17b423c4c,0,In stock (7 available)
star-rating Two,Books,The Widow,£27.26,£0.00,6159d8b187831770,0,In stock (11 available)
star-rating Three,Books,Playing with Fire,£13.71,£0.00,05a61a3bd8ca4149,0,In stock (11 available)
star-rating Five,Books,What Happened on Beale Street (Secrets of the South Mysteries #2),£25.37,£0.00,9735c969c652dd89,0,In stock (7 available)
star-rating Three,Books,Boar Island (Anna Pigeon #19),£59.48,£0.00,49b24c6a41b82bd2,0,In stock (12 available)
star-rating One,Books,Hide Away (Eve Duncan #20),£11.84,£0.00,bddc6fd036eb6279,0,In stock (12 available)
star-rating Three,Books,Most Wanted,£35.28,£0.00,c039f5aceb093537,0,In stock (12 available)
star-rating Four,Books,Murder at the 42nd Street Library (Raymond Ambler #1),£54.36,£0.00,e7fe3bf2768602cf,0,In stock (12 available)
star-rating Three,Books,Poisonous (Max Revere Novels #3),£26.80,£0.00,abdd91e96515a617,0,In stock (12 available)
star-rating Two,Books,A Study in Scarlet (Sherlock Holmes #1),£16.73,£0.00,63ee5bc46066a8a8,0,In stock (14 available)
star-rating Five,Books,A Time of Torment (Charlie Parker #14),£48.35,£0.00,4416c474713ec1f5,0,In stock (14 available)
star-rating One,Books,Tastes Like Fear (DI Marnie Rome #3),£10.69,£0.00,2d1e337aaf341858,0,In stock (14 available)
star-rating One,Books,A Murder in Time,£16.64,£0.00,f733e8c19d40ec2e,0,In stock (16 available)
star-rating Four,Books,The Past Never Ends,£56.50,£0.00,5ee94540d0749ea0,0,In stock (16 available)
star-rating One,Books,That Darkness (Gardiner and Renner #1),£13.92,£0.00,0c7b9cf2b7662b65,0,In stock (14 available)
star-rating Two,Books,The Last Mile (Amos Decker #2),£54.21,£0.00,3bc89353f7e3a3cc,0,In stock (14 available)
star-rating Four,Books,The Murder of Roger Ackroyd (Hercule Poirot #4),£44.10,£0.00,c7b5183f4d1d4efe,0,In stock (15 available)
star-rating One,Books,"""In a Dark, Dark Wood""",£19.63,£0.00,19ed25f4641d5efd,0,In stock (18 available)
star-rating Two,Books,Emma,£32.93,£0.00,2e69730561ed70ad,0,In stock (1 available)
star-rating One,Books,Alice in Wonderland (Alice's Adventures in Wonderland #1),£55.53,£0.00,cd2a2a70dd5d176d,0,In stock (1 available)
star-rating Two,Books,Of Mice and Men,£47.11,£0.00,39592d9d72e717c4,0,In stock (1 available)
star-rating One,Books,Sense and Sensibility,£37.46,£0.00,35e44170702139a4,0,In stock (1 available)
star-rating Four,Books,The Story of Hong Gildong,£43.19,£0.00,32d035df92ab9080,0,In stock (1 available)
star-rating Two,Books,And Then There Were None,£35.01,£0.00,cfe350b20d23b02b,0,In stock (3 available)
star-rating Two,Books,The Little Prince,£45.42,£0.00,1aeca7d078d57deb,0,In stock (1 available)
star-rating Two,Books,Beowulf,£38.35,£0.00,3fb69f34e178d494,0,In stock (3 available)
star-rating Four,Books,The Complete Stories and Poems (The Works of Edgar Allan Poe [Cameo Edition]),£26.78,£0.00,cad70d6ffd53912f,0,In stock (3 available)
star-rating Two,Books,The Picture of Dorian Gray,£29.70,£0.00,b9f6305a3d650e2c,0,In stock (3 available)
star-rating Three,Books,Wuthering Heights,£17.73,£0.00,5a7ff9aaa3168878,0,In stock (3 available)
star-rating Three,Books,Gone with the Wind,£32.49,£0.00,23310ce84d3c9f85,0,In stock (4 available)
star-rating Three,Books,Candide,£58.63,£0.00,2798974abc8a58a8,0,In stock (4 available)
star-rating Four,Books,Little Women (Little Women #1),£28.07,£0.00,deda806b68b0aa11,0,In stock (4 available)
star-rating Two,Books,The Hound of the Baskervilles (Sherlock Holmes #5),£14.82,£0.00,6587f46697fc4443,0,In stock (4 available)
star-rating One,Books,The Metamorphosis,£28.58,£0.00,93379e3a2072a01b,0,In stock (5 available)
star-rating Two,Books,The Pilgrim's Progress,£50.26,£0.00,6053ddf69c967d5f,0,In stock (4 available)
star-rating Three,Books,Animal Farm,£57.22,£0.00,1451b55e5e56bb89,0,In stock (4 available)
star-rating Four,Books,Camp Midnight,£17.08,£0.00,7b599c8bfcdd8d30,0,In stock (16 available)
star-rating Four,Books,"""Codename Baboushka, Volume 1: The Conclave of Death""",£36.72,£0.00,8754c83ab2a7ae71,0,In stock (16 available)
star-rating Four,Books,Danganronpa Volume 1,£51.99,£0.00,09b6cc87e62c2c58,0,In stock (16 available)
star-rating Two,Books,"""I Hate Fairyland, Vol. 1: Madly Ever After (I Hate Fairyland (Compilations) #1-5)""",£29.17,£0.00,8d4eefad7a2b3915,0,In stock (16 available)
star-rating Three,Books,I am a Hero Omnibus Volume 1,£54.63,£0.00,1c89ae5bb804e4de,0,In stock (16 available)
star-rating Two,Books,"""Giant Days, Vol. 2 (Giant Days #5-8)""",£22.11,£0.00,f2df3bb043a8abb0,0,In stock (16 available)
star-rating Two,Books,Lumberjanes Vol. 3: A Terrible Plan (Lumberjanes #9-12),£19.92,£0.00,57e5a4d515c8ce44,0,In stock (16 available)
star-rating Three,Books,"""Lumberjanes, Vol. 1: Beware the Kitten Holy (Lumberjanes #1-4)""",£45.61,£0.00,b6ee99bcf06fc91f,0,In stock (16 available)
star-rating Two,Books,"""Lumberjanes, Vol. 2: Friendship to the Max (Lumberjanes #5-8)""",£46.91,£0.00,460089f796fb3f82,0,In stock (16 available)
star-rating One,Books,orange: The Complete Collection 1 (orange: The Complete Collection #1),£48.41,£0.00,11809b1d323b3057,0,In stock (16 available)
star-rating Four,Books,"""Outcast, Vol. 1: A Darkness Surrounds Him (Outcast #1)""",£15.44,£0.00,889139b8e9c4cb36,0,In stock (16 available)
star-rating Five,Books,"""Princess Jellyfish 2-in-1 Omnibus, Vol. 01 (Princess Jellyfish 2-in-1 Omnibus #1)""",£13.61,£0.00,0fa6dceead7ce47a,0,In stock (16 available)
star-rating One,Books,"""Pop Gun War, Volume 1: Gift""",£18.97,£0.00,e80f8e518b300dfe,0,In stock (16 available)
star-rating Three,Books,Patience,£10.16,£0.00,9429b4d59c537af5,0,In stock (16 available)
star-rating Three,Books,"""Rat Queens, Vol. 3: Demons (Rat Queens (Collected Editions) #11-15)""",£50.40,£0.00,c82a3e358c773c73,0,In stock (16 available)
star-rating Two,Books,"""Saga, Volume 5 (Saga (Collected Editions) #5)""",£51.04,£0.00,53a3d11bb568cc8b,0,In stock (16 available)
star-rating Four,Books,The Nameless City (The Nameless City #1),£38.16,£0.00,7d385d34d12e60ff,0,In stock (16 available)
star-rating Four,Books,This One Summer,£19.49,£0.00,51653ef291ab7ddc,0,In stock (16 available)
star-rating One,Books,Tsubasa: WoRLD CHRoNiCLE 2 (Tsubasa WoRLD CHRoNiCLE #2),£16.28,£0.00,09555be379ad9253,0,In stock (16 available)
star-rating One,Books,Critique of Pure Reason,£20.75,£0.00,429b4a811bef386c,0,In stock (5 available)
star-rating One,Books,"""Run, Spot, Run: The Ethics of Keeping Pets""",£20.02,£0.00,b0e479be03911916,0,In stock (2 available)
star-rating Five,Books,"""At The Existentialist Café: Freedom, Being, and apricot cocktails with: Jean-Paul Sartre, Simone de Beauvoir, Albert Camus, Martin Heidegger, Edmund Husserl, Karl Jaspers, Maurice Merleau-Ponty and others""",£29.93,£0.00,6b52904b2ab91bf6,0,In stock (7 available)
star-rating One,Books,Kierkegaard: A Christian Missionary to Christians,£47.13,£0.00,0cf57cb49272fd37,0,In stock (8 available)
star-rating Four,Books,The Death of Humanity: and the Case for Life,£58.11,£0.00,bd261725b99f5983,0,In stock (16 available)
star-rating One,Books,Proofs of God: Classical Arguments from Tertullian to Barth,£54.21,£0.00,d56d0710668bb39c,0,In stock (8 available)
star-rating Four,Books,The Stranger,£17.44,£0.00,f5a92cff83897d48,0,In stock (15 available)
star-rating One,Books,The Nicomachean Ethics,£36.34,£0.00,5c10b64db3e4f228,0,In stock (1 available)
star-rating One,Books,The Guernsey Literary and Potato Peel Pie Society,£49.53,£0.00,4a0a276409968a73,0,In stock (3 available)
star-rating Two,Books,The Last Painting of Sara de Vos,£55.55,£0.00,476c7972e9b41891,0,In stock (3 available)
star-rating Four,Books,World Without End (The Pillars of the Earth #2),£32.97,£0.00,2e5b4ff08a75fd02,0,In stock (5 available)
star-rating Five,Books,The Red Tent,£35.66,£0.00,3c456328b04a8ee8,0,In stock (3 available)
star-rating One,Books,Girl With a Pearl Earring,£26.77,£0.00,5eff05e59f905a49,0,In stock (4 available)
star-rating Five,Books,Voyager (Outlander #3),£21.07,£0.00,7feac4000cbc5859,0,In stock (3 available)
star-rating Five,Books,The Passion of Dolssa,£28.32,£0.00,011674f4a3834b8d,0,In stock (4 available)
star-rating Two,Books,Girl in the Blue Coat,£46.83,£0.00,41fc5dce044f16f5,0,In stock (3 available)
star-rating One,Books,The Invention of Wings,£37.34,£0.00,e6635f5b0a2c78db,0,In stock (6 available)
star-rating Three,Books,The Constant Princess (The Tudor Court #1),£16.62,£0.00,24933c712f0bca2f,0,In stock (7 available)
star-rating Two,Books,Lilac Girls,£17.28,£0.00,bade9943ee01b63f,0,In stock (11 available)
star-rating Four,Books,A Paris Apartment,£39.01,£0.00,63343e287971bb0c,0,In stock (12 available)
star-rating Two,Books,"""Love, Lies and Spies""",£20.55,£0.00,9546d537fbf99eb6,0,In stock (12 available)
star-rating Three,Books,Glory over Everything: Beyond The Kitchen House,£45.84,£0.00,de4b403cb629a29f,0,In stock (14 available)
star-rating Five,Books,A Flight of Arrows (The Pathfinders #2),£55.53,£0.00,3a6fb983e2554023,0,In stock (16 available)
star-rating Four,Books,The Marriage of Opposites,£28.08,£0.00,52cf2a5933ec5d8f,0,In stock (14 available)
star-rating Three,Books,Forever and Forever: The Courtship of Henry Longfellow and Fanny Appleton,£29.69,£0.00,9beb96a2300109d7,0,In stock (16 available)
star-rating One,Books,The House by the Lake,£36.95,£0.00,9287e238d7c3b06e,0,In stock (15 available)
star-rating One,Books,Dark Lover (Black Dagger Brotherhood #1),£12.87,£0.00,2b69d289279aabfd,0,In stock (4 available)
star-rating Three,Books,Changing the Game (Play by Play #2),£13.38,£0.00,aaebac5fda798b1b,0,In stock (4 available)
star-rating Three,Books,The Perfect Play (Play by Play #1),£59.99,£0.00,9cc207168a03470d,0,In stock (4 available)
star-rating Three,Books,"""Sit, Stay, Love""",£20.90,£0.00,bd087cf6a846db75,0,In stock (7 available)
star-rating One,Books,A Girl's Guide to Moving On (New Beginnings #2),£31.30,£0.00,cf3b86489890b9f2,0,In stock (5 available)
star-rating Five,Books,Mrs. Houdini,£30.25,£0.00,a40723994f715420,0,In stock (15 available)
star-rating Three,Books,Off the Hook (Fishing for Trouble #1),£47.67,£0.00,b783ce08802cd1d1,0,In stock (11 available)
star-rating Five,Books,A Gentleman's Position (Society of Gentlemen #3),£14.75,£0.00,40c4bf520c17de54,0,In stock (11 available)
star-rating Three,Books,Take Me Home Tonight (Rock Star Romance #3),£53.98,£0.00,cf62fa272b5f0fa3,0,In stock (11 available)
star-rating Four,Books,Dirty (Dive Bar #1),£40.83,£0.00,df7e628bad5782b4,0,In stock (12 available)
star-rating One,Books,Hold Your Breath (Search and Rescue #1),£28.82,£0.00,0b165bd4b9f42fd5,0,In stock (14 available)
star-rating Two,Books,Suddenly in Love (Lake Haven #1),£55.99,£0.00,203b7f94b7d6115f,0,In stock (15 available)
star-rating One,Books,The Wedding Dress,£24.12,£0.00,623e1a180426039b,0,In stock (15 available)
star-rating One,Books,Fifty Shades Darker (Fifty Shades #2),£21.96,£0.00,7add3f8e49ec0826,0,In stock (16 available)
star-rating Four,Books,First and First (Five Boroughs #3),£15.97,£0.00,9e28048cea8d41f7,0,In stock (16 available)
star-rating One,Books,Her Backup Boyfriend (The Sorensen Family #1),£33.97,£0.00,2a97cffe61c3c4c7,0,In stock (16 available)
star-rating Three,Books,The Wedding Pact (The O'Malleys #2),£32.61,£0.00,c5cb9f885d8b3621,0,In stock (14 available)
star-rating Three,Books,Doing It Over (Most Likely To #1),£35.61,£0.00,3a11bb962ff45b78,0,In stock (15 available)
star-rating Four,Books,Something More Than This,£16.24,£0.00,ca71e72655bece85,0,In stock (15 available)
star-rating Five,Books,Black Dust,£34.53,£0.00,00bfed9e18bb36f3,0,In stock (19 available)
star-rating Four,Books,The Secret Garden,£15.08,£0.00,abbb492978ff656d,0,In stock (5 available)
star-rating Three,Books,Meternity,£43.58,£0.00,725cd8d23d78cdca,0,In stock (7 available)
star-rating Four,Books,Grey (Fifty Shades #4),£48.49,£0.00,b5953ca1f8a0b8d7,0,In stock (11 available)
star-rating Three,Books,Will You Won't You Want Me?,£13.86,£0.00,077b635ff2afc578,0,In stock (12 available)
star-rating Three,Books,Eligible (The Austen Project #4),£27.09,£0.00,9eaf58b03a2779cc,0,In stock (14 available)
star-rating Four,Books,Keep Me Posted,£20.46,£0.00,20dc4f1ac5d4fd9c,0,In stock (11 available)
star-rating Four,Books,I Am Pilgrim (Pilgrim #1),£10.60,£0.00,aeff7b87a8e83ebb,0,In stock (14 available)
star-rating One,Books,My Name Is Lucy Barton,£41.56,£0.00,727bf2b86b19ad88,0,In stock (14 available)
star-rating Three,Books,My Mrs. Brown,£24.48,£0.00,cc82685d9f49bc2c,0,In stock (14 available)
star-rating Four,Books,Shtum,£55.84,£0.00,830fb3967c74866d,0,In stock (14 available)
star-rating One,Books,Mr. Mercedes (Bill Hodges Trilogy #1),£28.90,£0.00,caa2e5b3fb1b2d4c,0,In stock (14 available)
star-rating Three,Books,Still Life with Bread Crumbs,£26.41,£0.00,fe44cc816576c652,0,In stock (14 available)
star-rating Three,Books,Take Me with You,£45.21,£0.00,2c04320e110a14a3,0,In stock (14 available)
star-rating Three,Books,The First Hostage (J.B. Collins #2),£25.85,£0.00,a86972014275e072,0,In stock (14 available)
star-rating Five,Books,Finders Keepers (Bill Hodges Trilogy #2),£53.53,£0.00,edb3097e71330040,0,In stock (15 available)
star-rating Two,Books,Tuesday Nights in 1980,£21.04,£0.00,b8736690cf263a3c,0,In stock (15 available)
star-rating Five,Books,The Time Keeper,£27.88,£0.00,e9906e2f0d189745,0,In stock (14 available)
star-rating Five,Books,The Regional Office Is Under Attack!,£51.36,£0.00,0651062381f0636a,0,In stock (15 available)
star-rating Four,Books,The Vacationers,£42.15,£0.00,fd3a622648667296,0,In stock (15 available)
star-rating Three,Books,The Murder That Never Was (Forensic Instincts #5),£54.11,£0.00,d01ac97e2b8947c2,0,In stock (16 available)
star-rating Five,Books,Thirst,£17.27,£0.00,709822d0b5bcb7f4,0,In stock (16 available)
star-rating Four,Books,The Testament of Mary,£52.67,£0.00,081305e6df719dff,0,In stock (14 available)
star-rating Five,Books,Private Paris (Private #10),£47.61,£0.00,b12b89017878a60d,0,In stock (17 available)
star-rating Five,Books,The Day the Crayons Came Home (Crayons),£26.33,£0.00,b22362b434e8ee62,0,In stock (3 available)
star-rating Five,Books,"""We Love You, Charlie Freeman""",£50.27,£0.00,8d455c7539795d2a,0,In stock (16 available)
star-rating Three,Books,The Wild Robot,£56.07,£0.00,75fed6a47f69859d,0,In stock (3 available)
star-rating Five,Books,The Lonely Ones,£43.59,£0.00,cf2f27fdf94ba20e,0,In stock (3 available)
star-rating One,Books,Maybe Something Beautiful: How Art Transformed a Neighborhood,£22.54,£0.00,81c68492ccd72941,0,In stock (5 available)
star-rating One,Books,The Thing About Jellyfish,£48.77,£0.00,3d15714d4d3d15dd,0,In stock (3 available)
star-rating One,Books,Playing from the Heart,£32.38,£0.00,68008abf6409dfde,0,In stock (7 available)
star-rating One,Books,Nap-a-Roo,£25.08,£0.00,913e7109cec0cb4c,0,In stock (9 available)
star-rating Four,Books,The Whale,£35.96,£0.00,0ff9d10864db8364,0,In stock (7 available)
star-rating Two,Books,Once Was a Time,£18.28,£0.00,e34efcc824685332,0,In stock (14 available)
star-rating Three,Books,Luis Paints the World,£53.95,£0.00,5b43cae640f2338a,0,In stock (14 available)
star-rating Two,Books,Raymie Nightingale,£34.41,£0.00,31c56c4d0fe19340,0,In stock (7 available)
star-rating Three,Books,"""Shrunken Treasures: Literary Classics, Short, Sweet, and Silly""",£52.87,£0.00,9639e89d20228e6e,0,In stock (7 available)
star-rating Three,Books,Rain Fish,£23.57,£0.00,a6454e329f872b78,0,In stock (14 available)
star-rating One,Books,The Bear and the Piano,£36.89,£0.00,9f6568e9c95f60b0,0,In stock (18 available)
star-rating Two,Books,Twenty Yawns,£22.08,£0.00,1d6443ffba9dfd80,0,In stock (14 available)
star-rating Three,Books,Little Red,£13.47,£0.00,4aa03792b50f0b22,0,In stock (15 available)
star-rating Four,Books,The White Cat and the Monk: A Retelling of the Poem “Pangur Bán”,£58.08,£0.00,37c0cb19713d8dda,0,In stock (15 available)
star-rating Five,Books,Walt Disney's Alice in Wonderland,£12.96,£0.00,6a31307a81e8f3a8,0,In stock (14 available)
star-rating One,Books,The Secret of Dreadwillow Carse,£56.13,£0.00,b5ea0b5dabed25a8,0,In stock (16 available)
